fen|mv|mv_score|bmv|bmv_score|difs
r1bqkb1r/ppp1pppp/2n2n2/3p4/3PP3/8/PPPN1PPP/R1BQKBNR w KQkq - 1 4|g8f6|-162|d5e4|18|180
r1bqkb1r/ppp1pppp/2n2n2/8/3P4/2P2p2/PP1N2PP/R1BQKBNR w KQkq - 0 6|e4f3|6|e7e5|86|80
r2qkb1r/1pp1pppp/p1n2n2/1B3b2/3P4/2P2N2/PP1N2PP/R1BQK2R w KQkq - 0 8|a7a6|-94|d8d5|-15|79
r3kb1r/2p1pppp/p1p2n2/3qNb2/3P4/2P5/PP1N2PP/R1BQK2R w KQkq - 2 10|d8d5|-107|e7e6|-25|82
rnb1k1nr/ppp2ppp/3p1q2/2b1p3/2B1P3/2NP1N2/PPP2PPP/R1BQK2R b KQkq - 0 5|d2d3|18|c3d5|169|151
rn2k1nr/pp3ppp/2pp1q2/4p3/2BPP1b1/2N1PN2/PPP3PP/R2QK2R b KQkq - 0 8|d3d4|-4|e1g1|45|49
rn2k2r/pp3ppp/2pp1q1n/8/2BPP1b1/2N2N1P/PPP3P1/R2QK2R b KQkq - 0 10|h2h3|-38|e1g1|139|177
r1bqkbnr/pppp1ppp/8/8/3nP3/8/PPP2PPP/RNBQKB1R w KQkq - 0 5|c6d4|-118|g8f6|-43|75
r1b1k2r/pp1p1ppp/3b1n2/2p1q3/2Q5/8/PPPNBPPP/R1B1K2R w KQkq - 2 10|f8d6|59|d7d5|147|88
r1b2rk1/pp1p1ppp/3b1n2/2p1q3/2Q5/8/PPPNBPPP/R1B2RK1 w - - 4 11|e8g8|16|e5h2|1500|1484
r1b2rk1/pp1p1ppp/3b1n2/2p4q/2Q5/5N2/PPP1BPPP/R1B2RK1 w - - 6 12|e5h5|47|e5f5|94|47
r1bqk1nr/pppp1ppp/2n5/2b1p3/2B1P3/5N2/PPPP1PPP/RNBQK2R w KQkq - 4 4|f8c5|-127|g8f6|-61|66
rnbqkbnr/pppp1ppp/8/4p3/4P3/5N2/PPPP1PPP/RNBQKB1R b KQkq - 1 2|g1f3|16|g1f3|59|43
r1bqkbnr/pppp1ppp/2n5/4p3/2B1P3/5N2/PPPP1PPP/RNBQK2R b KQkq - 3 3|f1c4|1|f1b5|53|52
r1bq1rk1/ppp2ppp/5n2/n1bPp3/2B5/P1NP1N2/1PP2PPP/R1BQ1RK1 b - - 0 8|a2a3|12|f3e5|222|210
r1b2rk1/ppp1qppp/5n2/2bPp3/2P5/P1N2N2/1PP1QPPP/R1B2RK1 b - - 2 10|d1e2|14|b2b4|263|249
r1b2rk1/ppp1qppp/3b1n2/3Pp3/2P1N3/P4N2/1PP1QPPP/R1B2RK1 b - - 4 11|c3e4|10|f1e1|136|126
r4rk1/ppp1qppp/3b1N2/3Ppb2/2P5/P4N2/1PP1QPPP/R1B2RK1 b - - 0 12|e4f6|45|e4g3|151|106
r2qkbnr/ppp1pppp/2n1b3/3p4/2PP4/5N2/PP2PPPP/RNBQKB1R w KQkq - 1 4|c8e6|-163|e7e6|-84|79
r2qkbnr/ppp1pppp/2n1b3/8/2pP4/2N2N2/PP2PPPP/R1BQKB1R w KQkq - 0 5|d5c4|-342|g8f6|-158|184
r2qkbnr/ppp1p1pp/5p2/3Pn3/2p1PB2/2N2P2/PP3P1P/R2QKB1R w KQkq - 0 9|f7f6|-327|e5g6|-271|56
r2qkbnr/ppp1p2p/5p2/3Pn1p1/2p1PB2/2N2P1B/PP3P1P/R2QK2R w KQkq - 0 10|g7g5|-592|e5d3|327|919
r2qkbnr/pp2p2p/2p5/3Pp1p1/Q1p1P3/2N2P1B/PP3P1P/R3K2R w KQkq - 0 12|c7c6|-797|e8f7|-547|250
rnbqkbnr/ppp2ppp/3p4/4p3/2B1P3/5N2/PPPP1PPP/RNBQK2R b KQkq - 1 3|f1c4|2|d2d4|51|49
rn1qkbnr/ppp2ppp/3p4/4p3/2B1P1b1/2N2N2/PPPP1PPP/R1BQK2R b KQkq - 3 4|b1c3|32|d2d4|75|43
rn1qkb1r/pp3ppp/5n2/3Bp3/8/2NP1Q1P/PPP2PP1/R1B1K2R b KQkq - 0 9|c4d5|137|c3d5|235|98
r2qk2r/pp3ppp/2nb4/3Np3/3P4/2P2Q1P/PP3PP1/R1B1K2R b KQkq - 0 12|d3d4|30|e1g1|117|87
rnbqkb1r/pppp1ppp/7n/3Q4/2B1P3/8/Pp3PPP/RNB1K1NR w KQkq - 2 6|g8h6|142|b2c1q|2743|2601
rnb1kb1r/ppppq1pp/8/3Q2p1/2B1P3/2N5/P3NPPP/5qK1 w kq - 0 11|a1f1|1524|a1b2|2158|634
rn1qkbnr/ppp2ppp/3p4/4p3/2B1P1b1/2N2N2/PPPP1PPP/R1BQK2R b KQkq - 3 4|f1c4|33|d2d4|77|44
rn1qk1nr/ppp1bppp/3p4/4p3/2B1P1b1/2NP1N2/PPP2PPP/R1BQK2R b KQkq - 0 5|d2d3|15|h2h3|71|56
rn2k1nr/ppp2ppp/3p4/4p1N1/2B1P3/3P4/PPP2PPP/R2NK2R b KQkq - 0 8|c3d1|538|g5f7|730|192
rnbqkb1r/ppp2pp1/3p1n1p/4p3/2B1P3/2NP1N2/PPP2PPP/R1BQK2R b KQkq - 0 5|d2d3|-4|d2d4|42|46
1nbq1rk1/r4pb1/p2p1p1p/1ppBP3/4P3/2P1BN2/PP3PPP/R2QK2R b KQ - 0 12|d4e5|53|d4c5|304|251
r1bqkbnr/pppp1ppp/8/8/3nP3/8/PPP2PPP/RNBQKB1R w KQkq - 0 5|c6d4|-107|f8c5|-43|64
r1bqkb1r/pppp1ppp/5n2/8/3QP3/8/PPP2PPP/RNB1KB1R w KQkq - 1 6|g8f6|-205|d7d6|-96|109
r1bqkb1r/pp1p1ppp/8/2pnP3/5Q2/8/PPP2PPP/RNB1KB1R w KQkq - 2 8|f6d5|-201|d8e7|-133|68
r1bqkb1r/pp1p1ppp/1n6/2p1P3/8/5Q2/PPP2PPP/RNB1KB1R w KQkq - 4 9|d5b6|-287|d5c7|-162|125
rnb1k1nr/ppp3pp/4pp2/8/3P4/2qBBN2/P1P2PPP/R2Q1RK1 b kq - 1 9|c1e3|109|a1b1|235|126
r1b1k1nr/ppp3pp/2n1pp2/8/3P4/2qBBN2/P1P2PPP/R3QRK1 b kq - 3 10|d1e1|-41|f3d2|149|190
r1b1k1nr/ppp3pp/4pp2/8/1n1P1B2/3B1N2/P1P2PPP/R3R1K1 b kq - 2 12|e3f4|-119|d3e4|22|141
r1b1kbnr/ppppqp1p/2n3p1/4p3/2B1P3/5Q2/PPPP1PPP/RNB1K1NR w KQkq - 2 5|d8e7|-64|g8f6|28|92
r1b1kbnr/ppppq2p/4n1p1/4p3/2B1QP2/7N/PPPP2PP/RNB1K2R w KQkq - 1 9|d4e6|-112|d7d5|616|728
r1b1kbnr/ppp1q2p/4p1p1/4p3/4QP2/7N/PPPP2PP/RNB1K2R w KQkq - 0 10|d7e6|-174|e7e6|-94|80
r1b1kb1r/ppp1q2p/4p1pn/4P3/4Q3/7N/PPPP2PP/RNB1K2R w KQkq - 1 11|g8h6|-239|e7b4|-157|82
r1b1kb1r/ppp1qn1p/4p1p1/4P3/4Q3/6PN/PPPP3P/RNB1K2R w KQkq - 1 12|h6f7|-150|f8g7|-80|70
r1bqkb1r/pppp2pp/2n5/5p2/4n3/4Q3/PPP2PPP/RNB1KBNR w KQkq - 0 7|f7f5|294|d7d5|576|282
r1b1kb1r/pppp2pp/2n5/5p2/4n2q/4QP2/PPP3PP/RNB1KBNR w KQkq - 1 8|d8h4|-229|f8c5|636|865
r1b1kb1r/ppppq1pp/2n5/5p2/4n3/4QPP1/PPP4P/RNB1KBNR w KQkq - 1 9|h4e7|-299|f8b4|-224|75
r1b1kb1r/ppppq1pp/2n5/8/4p3/4Q1P1/PPP4P/RNB1KBNR w KQkq - 0 10|f5e4|-303|b7b6|-258|45
r1b1kb1r/ppp1q1pp/2n5/3p4/4p3/2N1Q1P1/PPP4P/R1B1KBNR w KQkq - 0 11|d7d5|-365|b7b6|-309|56
rnbqkbnr/pp3pp1/2pp3p/4p3/2B1P3/2NP1N2/PPP2PPP/R1BQK2R b KQkq - 0 5|d2d3|21|d2d4|90|69
rn1qk2r/pp1bbpp1/2pp1n1p/4p3/2B1P3/3PBN1P/PPP1NPP1/R2Q1RK1 b kq - 4 9|c3e2|11|d3d4|104|93
rn1qr1k1/pp1bbpp1/2pp1n1p/4p3/2BPP3/2P1BN1P/PP2NPP1/R2Q1RK1 b - - 0 11|d3d4|-15|d1b3|120|135
rn1qrbk1/pp1b1pp1/2pp1n1p/4P3/2B1P3/2P1BN1P/PP2NPP1/R2Q1RK1 b - - 0 12|d4e5|46|d1b3|129|83
r1bqkbnr/pppp1ppp/2n5/8/3pP3/5N2/PPP2PPP/RNBQKB1R w KQkq - 0 4|e5d4|-62|e5d4|-21|41
r1bqkb1r/pppp1ppp/5n2/8/3QP3/8/PPP2PPP/RNB1KB1R w KQkq - 1 6|g8f6|-219|d8f6|-96|123
r1bqkb1r/pppp1p1p/5np1/8/3QP3/5P2/PPP3PP/RNB1KB1R w KQkq - 0 7|g7g6|-233|d7d5|-34|199
r1bqk2r/pppp1pbp/5np1/6B1/3QP3/5P2/PPP3PP/RN2KB1R w KQkq - 2 8|f8g7|-411|f8e7|-203|208
r1b1k2r/ppppqpbp/5np1/6B1/2PQP3/5P2/PP4PP/RN2KB1R w KQkq - 1 9|d8e7|-144|h7h6|-13|131
r1b1k2r/ppppqpbp/6p1/4P1Bn/2PQ4/5P2/PP4PP/RN2KB1R w KQkq - 1 10|f6h5|-1166|d7d6|82|1248
rnbqkb1r/pp2pppp/2p2n2/3P4/2P1p3/8/PP3PPP/RNBQKBNR w KQkq - 0 5|c7c6|143|e7e6|212|69
rnbqkb1r/pp2pppp/5n2/3p4/2P1p3/2N5/PP3PPP/R1BQKBNR w KQkq - 0 6|c6d5|79|e7e6|187|108
r3kb1r/pp1n1ppp/3p4/q2n4/4pB2/2N5/PP3PPP/R2QK1NR w KQkq - 2 11|f6d5|-360|d7c5|373|733
r1bqkb1r/pppp1ppp/2n2n2/4p1N1/2B1P3/8/PPPP1PPP/RNBQK2R b KQkq - 5 4|f3g5|-42|d2d3|11|53
r1bqkb1r/ppp2Npp/2n2n2/3pp3/2B1P3/8/PPPP1PPP/RNBQK2R b KQkq - 0 5|g5f7|-353|e4d5|10|363
rnbqkb1r/pp3ppp/3p4/3p4/3P4/8/PPP2PPP/R1BQKBNR w KQkq - 0 7|c7d6|-186|f8d6|-3|183
rnb2rk1/pp2bppp/3p4/q2p4/3P1B2/2N5/PPP2PPP/R2QKB1R w KQ - 6 10|d8a5|-153|b8c6|-92|61
r1b2rk1/pp2bppp/n2p4/q2p4/3P4/2N5/PPPB1PPP/R2QKB1R w KQ - 8 11|b8a6|-159|b8c6|-35|124
r1b2rk1/p3bppp/n2p4/qp1p4/3P4/P1N5/1PPB1PPP/R2QKB1R w KQ - 0 12|b7b5|-256|a6c7|-134|122
r1bqk1nr/pppp1ppp/2n5/2b1p3/2B1P3/5N2/PPPP1PPP/RNBQK2R w KQkq - 4 4|f8c5|-83|g8f6|-35|48
r1bqk1nr/pppp2pp/2n2p2/8/2BbP3/5Q2/PPP2PPP/RNB1K2R w KQkq - 0 7|f7f6|334|c6e5|540|206
r1bqk1nr/pppp2pp/5p2/4n1B1/2BbP3/5Q2/PPP2PPP/RN2K2R w KQkq - 2 8|c6e5|927|d4b2|1093|166
r1bqk1nr/2pp1ppp/p1n5/1pb1p3/3PP3/1BP2N2/PP3PPP/RNBQK2R b KQkq - 1 6|c4b3|133|c4f7|191|58
r1bqk2r/2pp1ppp/p4n2/1pb5/3NP3/1B3Q2/PP3PPP/RNB1K2R b KQkq - 2 9|d1f3|147|e4e5|627|480
r2Nk2r/2p2ppp/p2p1n2/1pb5/4P3/1B3P2/PP3P1P/RNB1K2R b KQkq - 0 12|g2f3|390|d8f7|582|192
r1bqkb1r/ppp2ppp/2np1n2/4p3/2B1P3/2P2N2/PP1PQPPP/RNB1K2R b KQkq - 2 5|d1e2|-26|f3g5|125|151
r1bqkb1r/ppp2p1p/2n2np1/1B1pp3/3PP3/2P2N2/PP2QPPP/RNB1K2R b KQkq - 1 7|c4b5|115|e4d5|239|124
r1bqkb1r/ppp2p1p/2B3p1/3pp3/3Pn3/2P2N2/PP2QPPP/RNB1K2R b KQkq - 0 8|b5c6|-17|f3e5|114|131
r1bqkb1r/p1p2p1p/2p3p1/3pP3/4n3/2P2N2/PP2QPPP/RNB1K2R b KQkq - 0 9|d4e5|-165|e1g1|0|165
r1bqk2r/p1p2pbp/2p3p1/3pP3/2P1n3/5N2/PP2QPPP/RNB1K2R b KQkq - 0 10|c3c4|-191|e1g1|-67|124
r2qk2r/p1p3bp/b1p3p1/3pPp2/2P1n3/5N2/PP1NQPPP/R1B2RK1 b kq - 1 12|e1g1|-98|e5f6|26|124
r1bqk1nr/pppp1ppp/2n5/2b1p3/4P3/2N2N2/PPPP1PPP/R1BQKB1R w KQkq - 4 4|f8c5|-109|g8f6|-41|68
r1b2rk1/ppp2ppp/2n5/2bq2N1/4p3/3B4/PPPP1PPP/R1BQK2R w KQ - 0 10|e5e4|283|d5g2|699|416
r1b2rk1/ppp2ppp/2n5/1Bb3q1/4p3/8/PPPP1PPP/R1BQK2R w KQ - 0 11|d5g5|983|d5g5|1026|43
r1b1kbnr/ppppqpp1/2B1p2p/4P3/3P4/P1N2N2/1PP2PPP/R1BQK2R b KQkq - 0 8|b5c6|99|d4d5|248|149
r1b1kbnr/ppp2pp1/4p2p/2q1P3/8/P1N1BN2/1PP2PPP/R2Q1RK1 b kq - 1 11|c1e3|150|d1d3|290|140
r1bqk1nr/pppp1ppp/2n5/2b1p3/2B1P3/5N2/PPPP1PPP/RNBQK2R w KQkq - 4 4|f8c5|-108|g8f6|-60|48
r1bq1rk1/ppp2ppp/2np4/2bnp1N1/2B1P3/3P4/PPP2PPP/R1BQK2R w KQ - 0 8|f6d5|19|h7h6|96|77
r1bq1rk1/ppp2ppp/3p4/2bBp1N1/3nP3/3P4/PPP2PPP/R1BQK2R w KQ - 1 9|c6d4|-355|d8f6|18|373
r1bq1rk1/ppp2pp1/3p3p/2bBp1N1/3nP3/2PP4/PP3PPP/R1BQK2R w KQ - 0 10|h7h6|-270|d4e6|-17|253
r1bq1rk1/ppp2pp1/3p4/2bBp1p1/3PP3/3P4/PP3PPP/R1BQK2R w KQ - 0 11|h6g5|-493|c5b4|-69|424
r1bqkbnr/pppp1ppp/8/8/3nP3/8/PPP2PPP/RNBQKB1R w KQkq - 0 5|c6d4|-136|g8f6|-66|70
r1bqkb1r/pppp1ppp/5n2/8/3QP3/8/PPP2PPP/RNB1KB1R w KQkq - 1 6|g8f6|-204|d8f6|-98|106
r1bqkb1r/pp1p1ppp/8/2pnP3/7Q/8/PPP2PPP/RNB1KB1R w KQkq - 2 8|f6d5|-170|d8e7|-103|67
rnbqkbnr/pppp1ppp/8/4p3/3PP3/8/PPP2PPP/RNBQKBNR b KQkq - 0 2|d2d4|-42|g1f3|30|72
r1bqkbnr/pppp1ppp/8/3Pp3/3nP3/5N2/PPP2PPP/RNBQKB1R b KQkq - 2 4|g1f3|54|c2c3|380|326
3rkb1r/pp3ppp/3p4/2pPp3/4P3/2N2P2/PPP2P1P/2KR1B1R b k - 1 11|e1c1|404|a2a4|464|60
rnbqk2r/ppp1bppp/5n2/3p2B1/3P4/2N5/PPP1QPPP/R3KBNR b KQkq - 5 6|d1e2|-121|g1f3|-37|84
rn1q1rk1/ppp1bppp/5n2/3p2B1/3P2b1/2N2N2/PPP1QPPP/2KR1B1R b - - 9 8|g1f3|-92|f2f3|-27|65
r2q1rk1/pp1nbppp/2p2n2/3p2B1/3P4/2NB3Q/PPP2PPP/2KR3R b - - 3 11|f3h3|0|g2g4|86|86
r2q1rk1/pp1nbppp/5B2/2pp4/3P4/2NB3Q/PPP2PPP/2KR3R b - - 0 12|g5f6|88|c3d5|280|192
rnbqkb1r/pppp1ppp/5n2/4p3/4P3/6P1/PPPP1P1P/RNBQKBNR w KQkq - 1 3|g8f6|-56|d7d5|-5|51
r1bqk2r/pppp1ppp/2n2n2/2b1p3/4P3/2P2PP1/PP1P3P/RNBQKBNR w KQkq - 1 5|f8c5|97|d7d5|190|93
r1bqk2r/pppp1ppp/2n2n2/4p3/1P2P3/2P2PP1/P2P3P/RNBQKBbR w KQkq - 0 6|c5g1|59|c5b6|144|85
r1bqk2r/ppp2ppp/2np1n2/4p3/1P2P3/2P2PP1/P2P3P/RNBQKBR1 w Qkq - 0 7|d7d6|7|d7d5|71|64
rn1qkb1r/pp3p1p/2p1pnp1/3p1b2/2PP4/2NBPN2/PP3PPP/R1BQK2R w KQkq - 0 7|g7g6|-70|f5d3|-12|58
r2qkb1r/pp1n1p1p/2p1p3/2PpPp2/8/2N1P3/PP3PPP/R1BQK2R w KQkq - 1 11|f6d7|205|f6g4|258|53
rnbqkbnr/pppp1ppp/8/4p3/3PP3/8/PPP2PPP/RNBQKBNR b KQkq - 0 2|d2d4|-48|g1f3|48|96
r1bqkb1r/p1pp1ppp/1pn2n2/8/4P3/2N1Q3/PPPB1PPP/R3KBNR b KQkq - 1 6|c1d2|18|e4e5|148|130
r1bqk2r/p1pp1ppp/1pn2n2/2b5/4P3/2N3Q1/PPPB1PPP/R3KBNR b KQkq - 3 7|e3g3|23|e3g3|75|52
r1bq1rk1/p1pp1ppp/1pn2n2/2b5/4PP2/2N3Q1/PPPB2PP/R3KBNR b KQ - 0 8|f2f4|-187|e1c1|84|271
r1b2rk1/p1ppqppp/1p6/2b1P2n/3n1PQ1/2N5/PPPB2PP/2KR1BNR b - - 2 11|g3g4|51|g3h3|284|233
r1b2rk1/p1ppqp1p/1p4p1/2b1P2n/2Bn1PQ1/2N5/PPPB2PP/2KR2NR b - - 1 12|f1c4|-205|c3d5|72|277
rnbqkbnr/pp2pppp/3p4/2p5/2B1P3/5N2/PPPP1PPP/RNBQK2R b KQkq - 1 3|f1c4|-17|f1b5|34|51
rnbqkb1r/pp3ppp/3ppn2/2p5/2B1P3/2NP1N2/PPP2PPP/R1BQK2R b KQkq - 0 5|d2d3|-63|e1g1|-3|60
r1bqkb1r/pp3pp1/2nppn1p/2p5/2B1P3/1PNP1N2/P1P2PPP/R1BQ1RK1 b kq - 0 7|b2b3|-70|d3d4|-22|48
r1bqkb1r/pp3pp1/2n1pn1p/2pP4/2B5/1PNP1N2/P1P2PPP/R1BQ1RK1 b kq - 0 8|e4d5|-64|c4b5|18|82
r1bqk2r/p3bpp1/2p2n1p/2pp4/8/1PNP1N2/PBP2PPP/R2Q1RK1 b kq - 1 11|c1b2|-38|c1a3|30|68
rnbqkbnr/pppp1ppp/8/4p3/8/2N5/PPPPPPPP/R1BQKBNR w KQkq - 0 2|e7e5|-75|d7d5|-19|56
r1bqk2r/ppp1bppp/3p4/3Pp1B1/3n4/3P1N2/PPP2PPP/R2QKB1R w KQkq - 1 8|c6d4|42|e7g5|131|89
r1b1k2r/ppp1qppp/3p4/3Pp3/3n4/3P1N2/PPP2PPP/R2QKB1R w KQkq - 0 9|d8e7|-18|d4f3|23|41
r1b2rk1/ppp2ppp/3p4/3Pp1q1/8/2PP1Q2/PP3PPP/2KR1B1R w - - 3 12|e7g5|1|f7f5|51|50
r1bqk2r/pppp1ppp/2n2n2/2b1p3/2B1P3/5Q1P/PPPP1PP1/RNB1K1NR w KQkq - 1 5|b8c6|-3|c7c6|48|51
r1bqk2r/ppp2ppp/2np1n2/2b1p3/2B1P3/2P2Q1P/PP1P1PP1/RNB1K1NR w KQkq - 0 6|d7d6|-19|e8g8|69|88
r1bqk2r/p1p2ppp/1pnp1n2/2b1p3/4P3/2P2Q1P/PP1PBPP1/RNB1K1NR w KQkq - 0 7|b7b6|-112|d6d5|63|175
r2qk2r/pbp2ppp/1pnp4/2bnp3/4P3/2PP2QP/PP2BPP1/RNB1K1NR w KQkq - 3 9|f6d5|-736|a7a5|0|736
r2qk2r/pbp2ppp/1p1p4/2bPpn2/1P6/2PP2QP/P3BPP1/RNB1K1NR w KQkq - 1 11|e7f5|-801|c5f2|-719|82
r2qk2r/pbp2ppp/1p1p3n/2bPp3/1P4Q1/2PP3P/P3BPP1/RNB1K1NR w KQkq - 3 12|f5h6|-1306|c5b4|-818|488
rnbqk1nr/pp3ppp/8/2bN4/8/8/PPP2PPP/R1BQKBNR b KQkq - 0 6|c3d5|15|f1b5|90|75
rn1qk1nr/pp3ppp/4b3/1BbN4/8/8/PPP2PPP/R1BQK1NR b KQkq - 2 7|f1b5|5|c1e3|71|66
r2qk1nr/pp3ppp/2B1b3/2bN4/8/8/PPP2PPP/R1BQK1NR b KQkq - 0 8|b5c6|-23|d5c3|45|68
r2qk1nr/p4ppp/2p1bN2/2b5/8/8/PPP2PPP/R1BQK1NR b KQkq - 1 9|d5f6|-567|d5c3|5|572
r3k1nr/p4ppp/2p1bq2/2b5/8/5N2/PPP2PPP/R1BQK2R b KQkq - 1 10|g1f3|-679|d1e2|-514|165
r3kb1r/pppqpppp/2n2n2/3p1b2/3P4/2NBPP2/PPP3PP/R1BQK1NR w KQkq - 3 6|d8d7|-11|f5g6|32|43
r1bqkbnr/pp2pppp/2np4/2p5/2B1P3/2P2N2/PP1P1PPP/RNBQK2R b KQkq - 0 4|c2c3|-42|d2d4|8|50
r1b1kb1r/pp2pppp/2np1n2/q7/2BPP3/5N2/PP1N1PPP/R1BQK2R b KQkq - 2 7|b1d2|2|c1d2|116|114
r1b1kb1r/pp2pppp/2np4/q7/2BPn3/5N2/PP1N1PPP/R1BQ1RK1 b kq - 1 8|e1g1|-39|d4d5|23|62
r1b1kb1r/ppq2ppp/3pp3/n2P4/2B1N3/1P3N2/P4PPP/R1BQ1RK1 b kq - 0 11|b2b3|494|c4b5|707|213
rnbqkbnr/pppp2pp/5p2/4p3/4PP2/8/PPPP2PP/RNBQKBNR w KQkq - 0 3|f7f6|-154|e5f4|-23|131
r1bqk1nr/pppp2pp/2n2p2/2b5/2BpPP2/5N2/PPP3PP/RNBQK2R w KQkq - 0 6|e5d4|-100|e5d4|-46|54
r1bqk1nr/pppp2pp/2n5/2b1Pp2/2Bp1P2/5N2/PPP3PP/RNBQK2R w KQkq - 0 7|f6f5|-85|d7d5|134|219
r1bqk1nr/ppp3pp/2np4/2b1Pp2/2Bp1P2/5N2/PPPN2PP/R1BQK2R w KQkq - 0 8|d7d6|-182|d7d5|-76|106
r1bqk1nr/ppp3pp/2np4/2b1PpN1/3p1P2/8/PPPN2PP/R1BQK2R w KQ - 2 10|f7e8|541|f7f8|653|112
r1bk2nr/p1pn2pp/1p3p2/2bNp3/2B1P3/5N2/PPP2PPP/R1B2RK1 b - - 1 9|c3d5|-24|c4d5|55|79
r1bqkb1r/ppp1pppp/2n2n2/3p4/3P4/2N2N2/PPP1PPPP/R1BQKB1R w KQkq - 4 4|b8c6|-73|e7e6|-6|67
r3kb1r/pppq1p1p/2n2p2/1B1ppb2/3P4/2N1PN2/PPP2PPP/R2QK2R w KQkq - 2 8|d8d7|-146|e5e4|-92|54
r3kb1r/1pp2p1p/p1q2p2/3ppb2/3P4/2N1PN2/PPP2PPP/R2Q1RK1 w kq - 0 10|d7c6|-211|b7c6|-117|94
2kr1b1r/1pp2p1p/p1q2p2/3ppb2/3P4/2N1PN2/PPP2PPP/R2QR1K1 w - - 2 11|e8c8|-71|e5e4|8|79
rnbqkbnr/1ppp1pp1/p3p2p/4P3/2BP4/2N2N2/PPP2PPP/R1BQK2R b KQkq - 2 6|f1c4|7|f1d3|131|124
rnbqk1nr/1pp2pp1/p3p2p/3pP3/1b1P4/2NB1N2/PPPB1PPP/R2QK2R b KQkq - 3 8|c1d2|28|e1g1|87|59
rnbqkbnr/pppp1ppp/8/8/3QP3/8/PPP2PPP/RNB1KBNR b KQkq - 0 3|d1d4|-66|g1f3|-17|49
r1bqkb1r/pppp1ppp/5n2/8/1n2P3/2NBQ3/PPP2PPP/R1B1K1NR b KQkq - 6 6|f1d3|6|e3e2|117|111
r1bq1rk1/ppppbppp/2n2n2/8/4P3/P1NB1NQ1/1PP2PPP/R1B1K2R b KQ - 4 9|g1f3|-4|c1h6|113|117
r1bq1rk1/pppp1ppp/2nb1n2/4P3/8/P1NB1NQ1/1PP2PPP/R1B1K2R b KQ - 0 10|e4e5|-186|g3h4|32|218
r1bq1rk1/pppp1ppp/5n2/4Q3/8/P1NB4/1PP2PPP/R1B1K2R b KQ - 0 12|g3e5|-322|d3e2|-14|308
rnbqkbnr/pppp1ppp/8/4p3/3PP3/8/PPP2PPP/RNBQKBNR b KQkq - 0 2|d2d4|-42|g1f3|33|75
r1b1k1nr/ppp1qp1p/2np2p1/8/2B1P3/2N2N2/PPP1QPPP/2R2RK1 b kq - 1 10|e1g1|61|c3d5|249|188
r3k1nr/ppp1qp1p/2np2p1/8/2B1P1b1/2N2N2/PPP1QPPP/3R1RK1 b kq - 3 11|c1d1|-25|c3d5|138|163
rnbqkbnr/pp1p1ppp/2p5/4p3/2P5/4P3/PP1P1PPP/RNBQKBNR w KQkq - 0 3|c7c6|-66|g8f6|-11|55
rnbqkbnr/pp3ppp/2p5/3pp3/2P5/4PQ2/PP1P1PPP/RNB1KBNR w KQkq - 0 4|d7d5|42|d7d5|83|41
rnbqkbnr/pp3ppp/8/3p4/4p3/2N1PQ2/PP1P1PPP/R1B1KBNR w KQkq - 0 6|e5e4|-13|g8f6|75|88
r1bqkb1r/pp1n1ppp/5n2/1Q1p4/4p3/2N1P3/PP1P1PPP/R1B1KBNR w KQkq - 4 8|b8d7|-7|b8c6|188|195
r1bqkb1r/pp1n1ppp/8/1Q1n4/4p3/4P3/PP1P1PPP/R1B1KBNR w KQkq - 0 9|f6d5|-103|f8d6|-29|74
r1b1kb1r/pp2qppp/1n6/3Q4/2B1p3/4P3/PP1P1PPP/R1B1K1NR w KQkq - 3 11|d7b6|-150|a7a6|-83|67
r1bqk1nr/pppp1ppp/2n5/1Bb1p3/4P3/5N2/PPPP1PPP/RNBQK2R w KQkq - 4 4|f8c5|-112|a7a6|-62|50
r1bqk1nr/2pp1ppp/p1p5/2b1p3/4P3/2N2N2/PPPP1PPP/R1BQK2R w KQkq - 0 6|b7c6|-145|d7c6|-53|92
r1bqk1nr/2p2ppp/p1p5/2bpN3/4P3/2N5/PPPP1PPP/R1BQK2R w KQkq - 0 7|d7d5|-293|d8g5|-143|150
r1bqk1nr/2p2ppp/p1p5/3pN3/3bP3/2N5/PPPP1PPP/R1BQ1RK1 w kq - 2 8|c5d4|-707|g8e7|-235|472
r1bqkb1r/pp1ppppp/2n2n2/2p5/2B1P3/2N2N2/PPPP1PPP/R1BQK2R b KQkq - 5 4|f1c4|-60|f1b5|53|113
r1bqkb1r/pp1p1p1p/2n1pnp1/2p5/2B1PB2/2NP1N2/PPP2PPP/R2QK2R b KQkq - 1 6|c1f4|48|e1g1|93|45
r1bqkb1r/pp1p1p1p/4pnp1/8/2BpPB2/3P4/PPP1NPPP/R2QK2R b KQkq - 1 8|c3e2|47|c3b5|105|58
r1bqk2r/pp1p1pbp/4pnp1/8/2BNPB2/3P4/PPP2PPP/R2QK2R b KQkq - 0 9|e2d4|-84|e1g1|20|104
r1b1k2r/pp1p1pbp/5np1/q3B3/2BNP3/2PP4/PP3PPP/R2QK2R b KQkq - 0 11|f4e5|-222|d4b3|126|348
r1bqk1nr/pppp1ppp/2n5/1Bb1p3/4P3/5N2/PPPP1PPP/RNBQK2R w KQkq - 4 4|f8c5|-114|a7a6|-67|47
r1bqk1nr/1ppp1ppp/p1n5/1Bb1p3/4P3/5N2/PPPP1PPP/RNBQ1RK1 w kq - 0 5|a7a6|-220|c6d4|-98|122
r1bqk1nr/2pp1ppp/p7/1pb1p3/3nP3/1B3N2/PPPP1PPP/RNBQ1RK1 w kq - 2 7|c6d4|-166|g8f6|-85|81
r1bqk1nr/2pp1ppp/p7/1pb1p3/4P3/1BP5/PP1P1PPP/RNBQ1RK1 w kq - 1 9|d4c5|-254|d4b6|-185|69
r1bqk1nr/2pp1ppp/p2b4/1p6/3PP3/1B6/PP3PPP/RNBQ1RK1 w kq - 1 11|c5d6|-771|c5b6|-213|558
rnbqkbnr/pppp1ppp/8/4p3/3PP3/8/PPP2PPP/RNBQKBNR b KQkq - 0 2|d2d4|-55|g1f3|25|80
rnbqkbnr/pppp1ppp/8/8/3QP3/8/PPP2PPP/RNB1KBNR b KQkq - 0 3|d1d4|-62|g1f3|19|81
r1bqk1nr/p1pp1ppp/1pn5/2b5/4P3/2N2Q2/PPP2PPP/R1B1KBNR b KQkq - 3 6|e3f3|-48|e3g3|78|126
r1bqk1nr/p1pp1ppp/1p6/2b5/3nP3/2N4Q/PPP2PPP/R1B1KBNR b KQkq - 5 7|f3h3|-622|f3d3|-29|593
rnbqkbnr/pppp2pp/5p2/4p3/4PP2/8/PPPP2PP/RNBQKBNR w KQkq - 0 3|f7f6|-169|e5f4|36|205
r1bqk1nr/2pp2pp/p1p2p2/2b1p3/4PP2/5N2/PPPP2PP/RNBQK2R w KQkq - 0 7|b7c6|-46|d7c6|11|57
r1bqk1nr/2p3pp/p1pp4/2b1N3/4P3/8/PPPP2PP/RNBQK2R w KQkq - 0 9|d7d6|-137|d8h4|725|862
r1bqk1nr/2p3pp/p1p5/2b1p3/3PP3/8/PPP3PP/RNBQK2R w KQkq - 0 10|d6e5|0|d8h4|154|154
r1b1k1nr/2p3pp/p1p5/2P1p3/4P3/8/PPP3PP/RNBqK2R w KQkq - 0 11|d8d1|-37|d8h4|187|224
r1bqk1nr/pppp1ppp/2n5/2b1p3/4P3/5N2/PPPPBPPP/RNBQK2R w KQkq - 4 4|f8c5|-146|g8f6|-48|98
r1b1k2r/ppp1qp2/1bnp3p/6p1/1P1pn3/P2Q1NB1/2P1BPPP/RN2K2R w KQkq - 2 12|d8e7|426|c8f5|467|41
r1bq1rk1/ppp2ppp/2np1b2/8/4P3/2P5/PP2BPPP/RN1QK1NR w KQ - 0 9|d7d6|40|f8e8|165|125
r2q1rk1/pppb1ppp/2np1b2/8/4PP2/2P5/PP2B1PP/RN1QK1NR w KQ - 1 10|c8d7|12|f8e8|145|133
r2q1rk1/pppb1ppp/5b2/4n3/8/2P5/PP2B1PP/RN1QK1NR w KQ - 0 12|c6e5|588|c6e5|632|44
rnbqkb1r/pp3pp1/5n1p/2pPN3/2B5/2N5/PPPP1PPP/R1BQK2R b KQkq - 0 6|e4d5|212|c3d5|278|66
rnbqk2r/pp3pp1/3b1n1p/2pPN3/2B5/2N5/PPPPQPPP/R1B1K2R b KQkq - 2 7|d1e2|34|c4b5|225|191
rnbq1rk1/pp3pp1/3b1n1p/2pPN3/2B5/2NP4/PPP1QPPP/R1B1K2R b KQ - 0 8|d2d3|-367|f2f4|3|370
rn1qr1k1/pp3pp1/3b1n1p/2pPN3/2B2Pb1/2NPQ3/PPP3PP/R1B1K2R b KQ - 2 10|e2e3|0|e2f2|113|113
r2qr1k1/pp1n1pp1/5P1p/2pP4/2B3b1/2NPQ3/PPP3PP/R1B1K2R b KQ - 0 12|e5f6|-56|e5e6|203|259
rnb1kb1r/ppp1pppp/4q3/8/3N4/3P4/PPP1BPPP/R1BQK2R b KQkq - 2 8|f3d4|65|d3d4|131|66
rnb1kb1r/pppqpppp/8/8/3N2B1/3P4/PPP2PPP/R1BQK2R b KQkq - 4 9|e2g4|-508|d4f3|66|574
rnbqkbnr/pppp1ppp/8/4p3/3PP3/8/PPP2PPP/RNBQKBNR b KQkq - 0 2|d2d4|-46|g1f3|20|66
r1bqk2r/ppp1bppp/2np1n2/8/2B1P3/1PN1Q3/P1P2PPP/R1B1K1NR b KQkq - 0 7|b2b3|-94|g1e2|14|108
r1bq1rk1/ppp1bppp/2n2n2/3P4/2B5/1PN1Q3/PBP2PPP/R3K1NR b KQ - 0 9|e4d5|-85|c3d5|125|210
r1bq1rk1/ppp1bppp/8/3P4/1nB3n1/1PN3Q1/PBP2PPP/2KR2NR b - - 4 11|e3g3|-192|e3f3|131|323
r1bq1rk1/ppp2ppp/5b2/3P4/1nB3n1/1PN3QN/PBP2PPP/2KR3R b - - 6 12|g1h3|-110|c3e4|100|210
rnbqkbnr/pppp1ppp/8/4p3/3PP3/8/PPP2PPP/RNBQKBNR b KQkq - 0 2|d2d4|-27|g1f3|30|57
rnb1kbnr/pppp1ppp/8/8/4q3/5N2/PPP1QPPP/RNB1KB1R b KQkq - 1 5|d1e2|-67|f1e2|163|230
rnb2rk1/pppp1ppp/8/b5N1/8/2PB4/PP3PPP/RN2R1K1 b - - 2 12|f1e1|-153|d3h7|25|178
r1bqkb1r/pppp1ppp/2n2n2/4p3/2B1P3/5Q2/PPPP1PPP/RNB1K1NR w KQkq - 4 4|b8c6|-12|c7c6|30|42
r1bq1rk1/pppp1ppp/2n2n2/2b1p3/2B1P1P1/2P2Q2/PP1P1P1P/RNB1K1NR w KQ - 1 6|e8g8|125|d7d5|311|186
r1bqnrk1/pppp1ppp/2n5/2b1p1P1/2B1P3/2P2Q2/PP1P1P1P/RNB1K1NR w KQ - 1 7|f6e8|54|f6g4|123|69
r1bqnrk1/pppp1p1p/2n3p1/2b1p1P1/2B1P2P/2P2Q2/PP1P1P2/RNB1K1NR w KQ - 0 8|g7g6|-114|e8d6|102|216
r1bqnrk1/ppp2p1p/2np2p1/2b1p1P1/2B1P2P/2PP1Q2/PP3P2/RNB1K1NR w KQ - 0 9|d7d6|-300|c6a5|28|328
r1bqnrk1/ppp2p1p/2np4/2b1p1Pp/2B1P3/2PP1Q2/PP3P2/RNB1K1NR w KQ - 0 10|g6h5|-1491|e8g7|-283|1208
r1bq1rk1/ppp2pnp/2np4/2b1p1PR/2B1P3/2PP1Q2/PP3P2/RNB1K1N1 w Q - 1 11|e8g7|-608|d6d5|-529|79
r1b2rk1/ppp1qpnp/2np3R/2b1p1P1/2B1P3/2PP1Q2/PP3P2/RNB1K1N1 w Q - 3 12|d8e7|-1076|c6a5|-473|603
rnbqkb1r/pppppppp/5n2/8/4P3/2N5/PPPP1PPP/R1BQKBNR b KQkq - 2 2|b1c3|10|e4e5|89|79
r1bqkb1r/pppppppp/2n2n2/8/2B1P3/2N5/PPPP1PPP/R1BQK1NR b KQkq - 4 3|f1c4|-69|d2d4|80|149
r1bqk2r/pppp1ppp/2n2n2/4p3/1bB1P3/2NP1N2/PPP2PPP/R1BQK2R b KQkq - 0 5|d2d3|-41|c3d5|34|75
r1bqk2r/ppp2ppp/2n5/3Bp3/8/2PP1N2/P1P2PPP/R1BQK2R b KQkq - 0 8|c4d5|-32|e1g1|42|74
2kr3r/pppb1ppp/2n1q3/4p3/2PP4/5N2/P1P2PPP/R1BQR1K1 b - - 0 12|d3d4|-90|a1b1|-9|81
r3k2r/ppp2ppp/2nqp3/3p4/3P2n1/2PQPN2/PP3PPP/RN3RK1 w kq - 2 10|f6g4|-96|e8g8|9|105
r1b1k1nr/pppp1ppp/2n2q2/1Bb1p3/4P3/2N2N2/PPPP1PPP/R1BQK2R w KQkq - 6 5|d8f6|-180|c6d4|-75|105
r1b1k1nr/ppp2ppp/2np1q2/1Bb1p3/4P3/2N2N2/PPPP1PPP/R1BQ1RK1 w kq - 0 6|d7d6|-234|g8e7|-120|114
r3k1nr/pppb1ppp/2np1q2/1Bb1p3/4P3/2NP1N2/PPP2PPP/R1BQ1RK1 w kq - 1 7|c8d7|-183|f6d8|-112|71
r3k1nr/ppp2ppp/2bp2q1/2b1p1B1/4P3/2NP1N2/PPP2PPP/R2Q1RK1 w kq - 0 9|d7c6|-56|b7c6|0|56
r3k1nr/ppp3pp/2bp2q1/2b1pp2/4P2B/2NP1N2/PPP2PPP/R2Q1RK1 w kq - 0 10|f7f5|-122|f7f6|-26|96
r3k1nr/ppp3pp/2bp4/2b2q2/3p3B/2N2N2/PPP2PPP/R2Q1RK1 w kq - 0 12|e5d4|-83|c6f3|13|96
r1bqkbnr/pppppppp/2n5/8/4P3/5N2/PPPP1PPP/RNBQKB1R b KQkq - 2 2|g1f3|20|d2d4|62|42
r1bqkbnr/ppp1pppp/8/3P4/1n6/2N2N2/PPPP1PPP/R1BQKB1R b KQkq - 2 4|b1c3|115|c2c4|275|160
r2qkbnr/ppp1pppp/8/3P1b2/1n6/2NP1N2/PPP2PPP/R1BQKB1R b KQkq - 0 5|d2d3|107|f1b5|222|115
rn1qkb1r/pppB1ppp/5n2/3P4/8/P1N2N2/1PP2PPP/R1BQK2R b KQkq - 0 11|b5d7|159|c1f4|242|83
r1bqk1nr/pppp1ppp/2n5/2b1p3/4P3/2N2N2/PPPP1PPP/R1BQKB1R w KQkq - 4 4|f8c5|-133|g8f6|-73|60
r1bqk1nr/p1p2ppp/2pp4/8/3bP3/2N5/PPP2PPP/R1BQK2R w KQkq - 0 8|c5d4|-85|g8f6|-13|72
r2qk1nr/p1p2ppp/2ppb3/8/3QP3/2N5/PPP2PPP/R1B1K2R w KQkq - 1 9|c8e6|-218|g8f6|-125|93
r3k1nr/p1p1qpQp/2ppb3/8/4P3/2N5/PPP2PPP/R1B1K2R w KQkq - 1 10|d8e7|-717|d8f6|-210|507
2kr2nQ/p1p1qp1p/2ppb3/8/4P3/2N5/PPP2PPP/R1B1K2R w KQ - 1 11|e8c8|-877|f7f6|-731|146
rnbqkbnr/pppp1ppp/8/4p3/7P/8/PPPPPPP1/RNBQKBNR w KQkq - 0 2|e7e5|-1|e7e5|53|54
r1bqkb1r/ppp2ppp/2n2n2/3p4/7P/3pP1P1/PPP1QPB1/RNB1K1NR w KQkq - 0 7|e4d3|64|c8g4|190|126
r2qkb1r/ppp2ppp/4bn2/3pn3/7P/1Q2P1P1/PPP2PB1/RNB1K1NR w KQkq - 3 9|c8e6|32|a7a5|128|96
rnbqkbnr/pppp1ppp/8/4p3/3PP3/8/PPP2PPP/RNBQKBNR b KQkq - 0 2|d2d4|-21|g1f3|35|56
r1b1kbnr/ppppqppp/8/8/1n2P3/2NBQ3/PPP2PPP/R1B1K1NR b KQkq - 6 6|f1d3|62|e3e2|140|78
r1b1kb1r/ppppqppp/5n2/8/1n2P3/2NBQ3/PPPB1PPP/R3K1NR b KQkq - 8 7|c1d2|-37|a2a3|65|102
r1b1kb1r/ppppqppp/8/8/1n2P1n1/2NB1Q2/PPPB1PPP/R3K1NR b KQkq - 10 8|e3f3|-57|e3e2|52|109
r1b1kb1r/ppppqppp/8/4n3/1n2P3/2NBQ3/PPPB1PPP/R3K1NR b KQkq - 12 9|f3e3|-639|f3g3|-48|591
r1b1kb1r/ppppqppp/8/8/1n2P3/2NPQ3/PP1B1PPP/R3K1NR b KQkq - 0 10|c2d3|-889|e1f1|-675|214
rnbqkbnr/pp3ppp/2pp4/4p3/2B1P3/2P2N2/PP1P1PPP/RNBQK2R b KQkq - 0 4|c2c3|10|d2d4|84|74
rnbqkbnr/5ppp/2pp4/pp2p3/3PP3/1BP2N2/PP3PPP/RNBQK2R b KQkq - 0 6|d2d4|16|a2a4|67|51
rnbqkbnr/pp3pp1/4p2p/2pP4/2B5/3P1N2/PPP2PPP/RNBQK2R b KQkq - 0 5|e4d5|-79|c4b5|-27|52
r1bqkbnr/pppp1ppp/8/8/3nP3/8/PPP2PPP/RNBQKB1R w KQkq - 0 5|c6d4|-108|f8c5|-34|74
r1bqkb1r/pppp1ppp/5n2/8/3QP3/8/PPP2PPP/RNB1KB1R w KQkq - 1 6|g8f6|-213|g8e7|-90|123
r1bqkb1r/pppp1p1p/5np1/8/3QP3/2N5/PPP2PPP/R1B1KB1R w KQkq - 0 7|g7g6|-759|d7d6|-111|648
r1bqk2r/pppp1pbp/6p1/4P2n/3Q4/2N5/PPP1BPPP/R1B1K2R w KQkq - 1 9|f6h5|-358|f6g8|-248|110
r1bqk2r/ppp2pbp/3p2p1/4P2n/3QN3/8/PPP1BPPP/R1B1K2R w KQkq - 0 10|d7d6|-183|d8e7|-23|160
r1bqk2r/ppp2p1p/3p1bp1/4P2n/3Q4/8/PPP1BPPP/R1B1K2R w KQkq - 0 11|g7f6|-8|h5f6|105|113
r1bqk2r/ppp2p1p/3p1np1/8/3Q4/8/PPP1BPPP/R1B1K2R w KQkq - 0 12|h5f6|-608|d8f6|28|636
rnb1k1nr/ppppqppp/8/4N3/1b1PP3/8/PPPB1PPP/RN1QKB1R b KQkq - 2 5|c1d2|139|c2c3|266|127
rnb1k1nr/ppppqppp/8/4N3/3PP3/8/PPPQ1PPP/RN2KB1R b KQkq - 0 6|d1d2|66|b1d2|187|121
rnb1k1nr/ppp1qppp/3p4/4N3/3PPP2/8/PPPQ2PP/RN2KB1R b KQkq - 0 7|f2f4|-105|e5c4|85|190
rnb1k1nr/ppp1qppp/8/4P3/3PP3/8/PPPQ2PP/RN2KB1R b KQkq - 0 8|f4e5|-279|d4e5|-112|167
rnb1k1nr/ppp2pp1/7p/4P1q1/3PP3/2NQ4/PPP3PP/R3KB1R b KQkq - 3 10|d2d3|-151|d2f2|-45|106
rn2k1nr/ppp2pp1/7p/4P1q1/3PP1b1/2NQ4/PPP1B1PP/R3K2R b KQkq - 5 11|f1e2|-145|c3d5|-29|116
r1bqkb1r/ppp1np1p/2n1p1p1/1B1pP3/3P4/2N2N2/PPP2PPP/R1BQK2R b KQkq - 1 6|f1b5|69|h2h4|111|42
r2qk2r/pppbnpbp/2n1p1p1/1B1pP1N1/3P4/2N5/PPP2PPP/R1BQ1RK1 b kq - 5 8|f3g5|16|a2a4|62|46
r2q1rk1/2p1npbp/ppb1p1p1/3pP1N1/3P4/BPNQ4/P1P2PPP/R4RK1 b - - 1 12|d1d3|-18|d1g4|121|139
r1bqk1nr/pppp1ppp/2n5/2b1p3/2B1P3/2P5/PP1P1PPP/RNBQK1NR w KQkq - 1 4|f8c5|-91|g8f6|-37|54
r1b1k1nr/ppppqppp/2n5/2b1p3/2B1P3/2P2Q2/PP1P1PPP/RNB1K1NR w KQkq - 3 5|d8e7|-79|g8f6|37|116
r4rk1/ppp2p1p/2npbp2/2b1p3/2B1P3/2PP4/PP1N1PPP/2KR2NR w - - 2 11|c8e6|-72|c6e7|-23|49
r2qkb1r/pp3ppp/2n1pn2/5b2/3p3N/P6P/1PPPNPP1/R1BQKB1R w KQkq - 2 9|b8c6|-7|d4d3|78|85
r2qkb1r/pp3ppp/2n5/3n1p2/3p1N2/P6P/1PPP1PP1/R1BQKB1R w KQkq - 2 11|f6d5|-5|f8d6|86|91
r1bqkbnr/pppp1ppp/2n5/4p3/2B1P3/5N2/PPPP1PPP/RNBQK2R b KQkq - 3 3|f1c4|-18|f1b5|46|64
r2qkbnr/ppp2ppp/8/3PNb2/1nB5/3P4/PPP2PPP/RNBQK2R b KQkq - 0 6|d2d3|210|c4b5|311|101
r2qkb1r/ppp2ppp/3P1n2/4Nb2/1nB5/3P4/PPP2PPP/RNBQK2R b KQkq - 0 7|d5d6|105|c4b5|304|199
r2qkb1r/ppP2ppp/5n2/3nNb2/2B5/3P4/PPP2PPP/RNBQK2R b KQkq - 0 8|d6c7|174|c4b5|367|193
r3kb1r/ppq2ppp/5n2/3BNb2/8/3P4/PPP2PPP/RNBQK2R b KQkq - 0 9|c4d5|-13|e1g1|227|240
r3kb1r/pp3ppp/5n2/4q3/4P3/8/PPP2PPP/RNBQK2R b KQkq - 0 11|d3e4|5|d1e2|46|41
r3kb1r/pp3ppp/8/4q3/4n3/4B3/PPP2PPP/RN1QK2R b KQkq - 1 12|c1e3|-87|e1g1|0|87
r1bqk2r/ppp2ppp/2np1n2/2b1p3/4P3/2NP1N2/PPPB1PPP/R2QKB1R w KQkq - 0 6|d7d6|-9|f6g4|96|105
r2q1rk1/ppp2ppp/3p1n2/2b1p3/4P3/2NP4/PPPBBP1P/2KR3Q w - - 1 12|e8g8|193|h8g8|264|71
rnbqkbnr/ppp3pp/5p2/3Pp3/5P2/2N5/PPPP2PP/R1BQKBNR b KQkq - 0 4|f2f4|86|d2d4|176|90
rnbqkbnr/ppp3pp/5p2/3P4/5p2/2NP4/PPP3PP/R1BQKBNR b KQkq - 0 5|d2d3|27|d2d4|153|126
rnbqkbnr/ppp4p/5pp1/3P4/5B2/2NP4/PPP3PP/R2QKBNR b KQkq - 0 6|c1f4|111|g1e2|158|47
rnbqk1nr/ppp4p/3b1pp1/3P4/5B2/2NP4/PPP1N1PP/R2QKB1R b KQkq - 2 7|g1e2|131|d1f3|211|80
rnbqk1nr/pp5p/3p1p2/3P2p1/3N4/2NP4/PPP3PP/R2QKB1R b KQkq - 1 9|e2d4|327|h2h4|376|49
rnb1k1nr/pp2q3/3p1p2/3P2pp/3N4/2NP4/PPP1Q1PP/2KR1B1R b kq - 3 11|e1c1|370|e1d2|489|119
r1bqkb1r/ppp1pppp/2n2n2/3p4/3P4/2P1P3/PP3PPP/RNBQKBNR w KQkq - 1 4|b8c6|-41|e7e6|1|42
r2qkb1r/ppp1pppp/2n2n2/3p1b2/3P4/1PP1P3/P4PPP/RNBQKBNR w KQkq - 1 5|c8f5|-16|e7e5|31|47
r3kb1r/pppqpppp/2n2n2/3p1b2/3P4/1PPBP3/P4PPP/RNBQK1NR w KQkq - 3 6|d8d7|-7|f5d3|62|69
rnbqkb1r/pppppppp/5n2/8/4P3/2N5/PPPP1PPP/R1BQKBNR b KQkq - 2 2|b1c3|14|e4e5|75|61
rnbqk2r/ppp1ppbp/3p1np1/4P3/3P4/2N2N2/PPP2PPP/R1BQKB1R b KQkq - 0 5|e4e5|-21|f1d3|21|42
rnbqk2r/pppnppbp/3p2p1/4P3/2BP4/2N2N2/PPP2PPP/R1BQK2R b KQkq - 2 6|f1c4|-30|e5d6|33|63
rnbq1rk1/pppnppbp/3p2p1/4P1N1/2BP4/2N5/PPP2PPP/R1BQK2R b KQ - 4 7|f3g5|-104|e5e6|168|272
rnbq1rk1/pppn1pbp/3pp1p1/4P1N1/2BP4/2N2Q2/PPP2PPP/R1B1K2R b KQ - 1 8|d1f3|-185|f2f4|19|204
rnbq1rk1/pppn1pbp/4p1p1/4P1N1/2B5/2N2Q2/PPP2PPP/R1B1K2R b KQ - 0 9|d4e5|-286|f3h3|57|343
rnbq1rk1/ppp2pbp/4p1p1/4n1N1/2B5/2N4Q/PPP2PPP/R1B1K2R b KQ - 1 10|f3h3|-440|f3e2|-278|162
rnbq1rk1/ppp2pb1/4p1pp/4n3/2B1N3/2N4Q/PPP2PPP/R1B1K2R b KQ - 1 11|g5e4|-651|g5f7|-429|222
rnbq1rk1/p1p2pb1/1p2p1pB/4n3/2B1N3/2N4Q/PPP2PPP/R3K2R b KQ - 0 12|c1h6|-449|c4b3|-208|241
r1bqkbnr/ppp2ppp/2n5/3P4/8/4Q3/PPP2PPP/RNB1KBNR b KQkq - 0 5|e4d5|136|e4d5|205|69
r1bqkbnr/ppp1nppp/8/3P4/8/2N1Q3/PPP2PPP/R1B1KBNR b KQkq - 2 6|b1c3|137|f1b5|208|71
q3kb1r/p2bnp1p/5np1/8/8/2N1QN2/PPP2PPP/R1B2RK1 b k - 1 12|e1g1|555|e3e5|830|275
r1bqkbnr/pppp1ppp/2n5/4p3/8/4PQ2/PPPP1PPP/RNB1KBNR w KQkq - 2 3|b8c6|56|d7d5|101|45
r1b1kbnr/ppppqppp/2n5/4p3/2B5/4PQ2/PPPP1PPP/RNB1K1NR w KQkq - 4 4|d8e7|-56|g8f6|70|126
r1b1kb1r/ppppqppp/2n5/3np1N1/2B5/4PQ2/PPPP1PPP/RNB1K2R w KQkq - 8 6|f6d5|-235|d7d5|219|454
r1b1kbr1/ppppqNpp/2n5/4p3/2B1Pn2/5Q2/PPPP1PPP/RNB1K2R w KQq - 1 8|h8g8|117|c6d4|433|316
r1b1kbr1/ppppqNpp/2n5/4p3/2B1P3/2Q5/PPPP1PnP/RNB1K2R w KQq - 0 9|f4g2|120|d7d5|458|338
r1b1kbr1/ppppqNpp/2n1n3/4p3/1PB1P3/2Q5/P1PP1P1P/RNB2K1R w q - 1 11|f4e6|78|d7d5|802|724
r2qkb1r/ppp2ppp/2np1n2/4p3/2B1P3/1PP2Q1P/P2P1PP1/RNB1K2R b KQkq - 0 7|b2b3|28|d2d3|85|57
r2qk2r/ppp1bpp1/3p1n1p/8/1nBPP3/1P5P/PB3PP1/RN1QK2R b KQkq - 2 11|f3d1|-114|e1g1|40|154
r2q1rk1/ppp1bpp1/3p1n1p/4P3/1nBP4/1P5P/PB3PP1/RN1QK2R b KQ - 0 12|e4e5|-110|c4d3|-16|94
r1bqkbnr/pppp1ppp/2n5/4p3/2B1P3/5N2/PPPP1PPP/RNBQK2R b KQkq - 3 3|f1c4|-9|f1b5|37|46
r1bqkb1r/pppp1ppp/2n2n2/4p3/2B1P3/2P2N2/PP1P1PPP/RNBQK2R b KQkq - 0 4|c2c3|-146|d2d4|-28|118
r1bqkb1r/ppp2ppp/5n2/n2Pp3/2B5/2P2N2/PP1PQPPP/RNB1K2R b KQkq - 2 6|d1e2|-125|d1a4|165|290
r1bqk2r/ppp2ppp/5n2/n1bPp3/2BP4/2P2N2/PP2QPPP/RNB1K2R b KQkq - 0 7|d2d4|22|c4b5|125|103
r1bqk2r/ppp2ppp/5n2/n2Pp3/2BN4/2P5/PP2QPPP/RNB1K2R b KQkq - 0 8|f3d4|22|c3d4|389|367
r1bqkbnr/pppp1ppp/2n5/4p3/4P3/5N2/PPPP1PPP/RNBQKB1R w KQkq - 2 3|b8c6|-113|d7d6|-69|44
r1bqkbnr/pppp1ppp/8/8/3nP3/8/PPP2PPP/RNBQKB1R w KQkq - 0 5|c6d4|-107|f8c5|-63|44
r1bqkb1r/pppp1ppp/5n2/8/3QP3/8/PPP2PPP/RNB1KB1R w KQkq - 1 6|g8f6|-202|d7d6|-127|75
r1bqkb1r/pp3ppp/5n2/2ppP3/4Q3/8/PPP2PPP/RNB1KB1R w KQkq d6 0 8|d7d5|-51|f6e4|1312|1363
r1bqk1nr/ppp2ppp/1bnp4/3Pp3/2B1P3/2P2N2/PP3PPP/RNBQK2R b KQkq - 0 6|d4d5|-53|d4e5|21|74
r1bqk1nr/p4p1p/1bpp4/4p1p1/1P2P3/3B1N2/P2N1PPP/R1BQ1RK1 b kq - 1 12|b1d2|408|c1g5|646|238
r2qk2r/ppp2ppp/2n1pn2/1B1p1b2/3P1P2/2b1PN2/PPPB2PP/R2QK2R w KQkq - 0 8|b4c3|-27|e8g8|27|54
r2qk2r/1pp2ppp/p1n1p3/1B1p1b2/3PnP2/4PN2/PPPB2PP/R2QK2R w KQkq - 0 10|a7a6|-30|e8g8|38|68
r2qk2r/2p2ppp/p3p3/2ppNb2/3PnP2/4P3/PPPB2PP/R2QK2R w KQkq - 0 12|c6c5|17|d8h4|259|242
rnb1kbnr/ppp1pppp/4q3/8/8/2N5/PPPPNPPP/R1BQKB1R b KQkq - 3 4|g1e2|59|f1e2|101|42
rn2k1nr/ppp1ppbp/5qp1/8/3P1Nb1/2N1BP2/PPP3PP/R2QKB1R b KQkq - 0 8|f2f3|327|d1g4|605|278
rn2k1nr/ppp1ppbp/5qp1/5b2/3P1N2/2NBBP2/PPP3PP/R2QK2R b KQkq - 2 9|f1d3|174|f4d5|524|350
r2qk2r/ppp2ppp/2b1pn2/b2p4/3P4/1PP1PN2/PB3PPP/RN1QK2R w KQkq - 1 9|b4a5|-160|b4d6|-4|156
r1bqk1nr/p1pp1ppp/2p5/2b1p3/4P3/5N2/PPPP1PPP/RNBQK2R w KQkq - 0 5|b7c6|-91|d7c6|-43|48
r1b1k1nr/p1ppqppp/2p5/2b1p3/4P3/3P1N2/PPP2PPP/RNBQK2R w KQkq - 1 6|d8e7|-75|d7d6|-16|59
r1b1k1nr/p1p1qppp/2p5/2bpp3/4P3/3P1N2/PPP2PPP/RNBQ1RK1 w kq - 0 7|d7d5|-169|g8f6|-74|95
r1b1k1nr/p1p1qppp/8/2b1p3/3p4/2NP1N2/PPP2PPP/R1BQ1RK1 w kq - 0 9|d5d4|-212|g8f6|-161|51
r3k1nr/p1p1qppp/8/1Nb1p3/3p2b1/3P1N2/PPP2PPP/R1BQ1RK1 w kq - 2 10|c8g4|-235|a7a6|-86|149
r1bqkbnr/pppp1ppp/2n5/4p3/2B1P3/5N2/PPPP1PPP/RNBQK2R b KQkq - 3 3|f1c4|-9|f1b5|42|51
r1bqkb1r/ppp2ppp/2np1n2/4p3/2B1P3/2NP1N2/PPP2PPP/R1BQK2R b KQkq - 0 5|d2d3|-5|f3g5|103|108
r2qkb1r/ppp2ppp/2npbn2/1B2p3/4P3/2NP1N2/PPP2PPP/R1BQK2R b KQkq - 2 6|c4b5|-8|e1g1|37|45
r2qk2r/2p1bppp/p3bn2/2p1N1B1/3pP3/3P3P/PPP1NPP1/R2Q1RK1 b kq - 0 12|h2h3|200|e5c6|602|402
r1bqkbnr/pp1ppppp/2n5/2p5/2B1P3/5N2/PPPP1PPP/RNBQK2R b KQkq - 3 3|f1c4|-59|f1b5|52|111
r1bqkbnr/pp1p1ppp/2n1p3/2p5/2B1P3/3P1N2/PPP2PPP/RNBQK2R b KQkq - 0 4|d2d3|-82|e1g1|-37|45
r1bqk1nr/pp3ppp/2nb4/2pp4/2P5/1B1P1N2/PP3PPP/RNBQK2R b KQkq - 0 7|c2c4|-119|b3d5|89|208
r3k2r/p1q1nppp/2pb4/2p3B1/2Pp2b1/3P1N2/PP3PPP/RN1QR1K1 b kq - 1 12|c1g5|-294|h2h3|-43|251
r1bqkbnr/pppp1ppp/2n5/8/3QP3/8/PPP2PPP/RNB1KBNR w KQkq - 1 4|b8c6|-39|g8f6|3|42
r1bqk1nr/ppp2ppp/2np4/2b5/P3P3/8/1PP2PPP/RNBQKBNR w KQkq - 0 6|d7d6|67|g8f6|140|73
r1bqk2r/ppp2ppp/2np4/8/PP2P1n1/2P5/5KPP/RNBQ1BNR w kq - 1 9|f6g4|-61|f6e4|183|244
r1b1k2r/ppp2ppp/2np1q2/8/PP2P1n1/2P5/6PP/RNBQKBNR w kq - 3 10|d8f6|-176|f7f5|-57|119
r2qkb1r/ppp1pppp/2n2n2/3p1b2/3P1B2/4PN2/PPP2PPP/RN1QKB1R w KQkq - 1 5|g8f6|-119|e7e6|-16|103
r2qk2r/ppp2ppp/3bpn2/3pnb2/3P1B2/4P2P/PPPN1PP1/R2QKB1R w KQkq - 0 8|c6e5|-363|d6e5|0|363
r2qk2r/ppp2ppp/3bp3/3pPb1n/5B2/4P2P/PPPN1PP1/R2QKB1R w KQkq - 1 9|f6h5|-497|d6e7|-375|122
r3k2r/ppq2ppp/4p3/3p4/5P2/7P/PPbN1PP1/R2QKB1R w KQkq - 0 12|f5c2|-438|e8g8|-373|65
rnbqkb1r/ppp2ppp/5n2/3p4/3P4/2N3P1/PPP2P1P/R1BQKBNR b KQkq - 0 5|g2g3|-62|h2h3|-5|57
rn2kb1r/pp1q1pp1/2p2n1p/3p4/3P2b1/2N1BNP1/PPP2PBP/R2Q1RK1 b kq - 5 9|c1e3|-26|f1e1|63|89
rn2kb1r/pp1q1pp1/2p2n1p/3p4/3P3N/2N1B1Pb/PPP2PBP/R2Q1RK1 b kq - 7 10|f3h4|-34|g2h3|109|143
rn2kb1r/pp1q1p2/2p2n1p/3p2p1/3P3N/2N1B1PB/PPP2P1P/R2Q1RK1 b kq - 0 11|g2h3|-42|d1e2|69|111
rn2kb1r/pp1q1p2/2p2n1p/3p4/3P2pN/2N1B1P1/PPP2PBP/R2Q1RK1 b kq - 1 12|h3g2|622|f1e1|703|81
rn1qkbnr/pp2pppp/3p4/2p5/2B1P1b1/5N1P/PPPP1PP1/RNBQK2R b KQkq - 0 4|h2h3|20|c4f7|202|182
rn1qkb1r/pp3ppp/3ppn2/2p5/2B1P3/2NP1Q1P/PPP2PP1/R1B1K2R b KQkq - 0 7|d2d3|-19|e4e5|104|123
rn1qkb1r/pp3p1p/3ppnp1/2p3B1/2B1P3/2NP1Q1P/PPP2PP1/R3K2R b KQkq - 1 8|c1g5|147|e4e5|223|76
rn1qk2r/pp3pbp/3ppnp1/2p3B1/2B1P3/2NP1Q1P/PPP2PP1/2KR3R b kq - 3 9|e1c1|-82|e4e5|394|476
rn1q1rk1/pp3pbp/3ppnp1/2p3B1/2BPP3/2N2Q1P/PPP2PP1/2KR3R b - - 0 10|d3d4|-30|e4e5|195|225
r2q1rk1/pp3pbp/2nppnp1/6B1/2B1P3/2N2Q1P/PPPR1PP1/2K4R b - - 2 12|d4d2|-177|d4d1|-72|105
r2q1rk1/ppp3pp/2n1pp2/1N1p1b2/3Pn3/P3QNPP/1PP1PP2/R3KB1R w KQ - 0 11|f7f6|43|e4d6|114|71
rnbqk1nr/pppp1ppp/8/2b1p3/2B1P3/5N2/PPPP1PPP/RNBQK2R b KQkq - 3 3|f1c4|64|f3e5|165|101
rnbq1rk1/pppp1ppp/5n2/2b1N3/2B1P3/3P4/PPP2PPP/RNBQK2R b KQ - 0 5|d2d3|-76|d2d4|169|245
rnbq1rk1/ppp2ppp/5n2/2bPN3/2B5/3P4/PPP2PPP/RNBQK2R b KQ - 0 6|e4d5|-140|c4b3|-96|44
rnbq1rk1/ppp2ppp/8/2bBN3/8/3P4/PPP2PPP/RNBQK2R b KQ - 0 7|c4d5|-83|e1g1|138|221
rnb2rk1/ppp2ppp/8/2bqN3/5B2/3P4/PPP2PPP/RN1QK2R b KQ - 1 8|c1f4|-361|e5f3|-98|263
rnb1r1k1/ppp3pp/5p2/2b5/3q1B2/2NP1N2/PPP2PPP/R2Q1RK1 b - - 3 11|e5f3|-362|c3e4|63|425
rnbqkbnr/pppp1ppp/8/4p3/3PP3/8/PPP2PPP/RNBQKBNR b KQkq - 0 2|d2d4|-46|g1f3|20|66
r1bk1bnr/ppp2ppp/8/4p3/4P3/2N5/PPP2PPP/R1B1KB1R b KQ - 1 7|b1c3|23|c1e3|67|44
r2k3r/pppb1ppp/5n2/4p3/1b2P3/2N5/PPPB1PPP/2KR1B1R b - - 7 10|e3d2|-100|f1c4|-14|86
r2q1rk1/3b1ppp/p1pbpn2/3p4/3P4/P1N1PN2/1P3PPP/R1BQR1K1 w - - 0 12|b7c6|-56|d7c6|50|106
rnb1kb1r/ppppqppp/8/4N3/3Pn3/8/PPP2PPP/RNBQKB1R w KQkq - 1 5|d8e7|-174|d7d5|-74|100
rnb1kb1r/ppp1q1pp/5p2/3pN1B1/3Pn3/5Q2/PPP2PPP/RN2KB1R w KQkq - 0 7|f7f6|335|e4g5|508|173
rnb1kb1r/ppp1q2p/5p2/3pN3/3Pn3/5Q2/PPP2PPP/RN2KB1R w KQkq - 0 8|g7f6|94|e7f6|344|250
rnb1kb1r/ppp1q2p/5p2/3p4/3P2N1/5Q2/PPP2nPP/RN2KB1R w KQkq - 0 9|e4f2|-52|e4g5|831|883
rn2kb1r/ppp1q2p/5p2/3p4/3P2b1/5Q2/PPP2KPP/RN3B1R w kq - 0 10|c8g4|-94|f6f5|-25|69
rn2k2r/ppp1q2p/5p1b/3Q4/3P2b1/8/PPP2KPP/RN3B1R w kq - 1 11|f8h6|41|c7c6|440|399
r3kbnN/ppp3pp/5p2/8/4b3/5P2/PPP3PP/RNB1K2R b KQ - 0 11|f2f3|379|e1g1|479|100
rnbqkb1r/pppp1ppp/8/4p3/4n3/2N2N2/PPPP1PPP/R1BQKB1R w KQkq - 0 4|f6e4|-334|b8c6|-32|302
rnbqkb1r/pppp2pp/8/4pp2/4N3/5N2/PPPP1PPP/R1BQKB1R w KQkq - 0 5|f7f5|-426|d7d5|-307|119
rnbqkb1r/ppp3pp/8/3p1p2/3Np3/2N5/PPPP1PPP/R1BQKB1R w KQkq - 0 7|d7d5|-489|d8f6|-335|154
rnbqkb1r/ppp3pp/8/3p1p2/3N4/2N2p2/PPPP2PP/R1BQKB1R w KQkq - 0 8|e4f3|-386|f8c5|-297|89
rnbqkb1r/ppp4p/6p1/3p1p2/3N4/2N2Q2/PPPP2PP/R1B1KB1R w KQkq - 0 9|g7g6|-507|d8h4|-289|218
rnb1kb1r/pp5p/2p3p1/3N1p2/3N4/8/PPPP2PP/R1B1KB1R w KQkq - 0 11|c7c6|-888|e8d7|-566|322
rnb2b1r/ppN2k1p/2p3p1/5p2/3N4/8/PPPP2PP/R1B1KB1R w KQ - 2 12|e8f7|-950|e8d8|-840|110
rnbqkb1r/pp1p1ppp/4pn2/2p5/2B1P3/2N2N2/PPPP1PPP/R1BQK2R b KQkq - 1 4|f1c4|-80|e4e5|82|162
rn1qkb1r/ppp2ppp/3p4/8/6b1/2P2N2/PPP2PPP/R1BQKB1R w KQkq - 1 7|c8g4|-135|f8e7|-59|76
rn1qkb1r/ppp2ppp/8/3p4/2B3b1/2P2N2/PPP2PPP/R1BQK2R w KQkq - 0 8|d6d5|-237|d8f6|-89|148
rn1q1rk1/ppp2ppp/8/2bp4/8/2PB1b1P/PPP2PP1/R1BQ1RK1 w - - 0 11|g4f3|-102|g4h5|4|106
rnb1kb1r/p1pqpppp/5n2/1p1P4/8/1BN5/PPPP1PPP/R1BQK1NR b KQkq - 1 5|c4b3|122|c4b5|287|165
r1b1kb1r/p2qpppp/2n2n2/1p6/8/1BN2N2/PPPP1PPP/R1BQK2R b KQkq - 1 7|g1f3|96|c3b5|172|76
r1b1kb1r/p3pppp/2n2n2/1p3q2/8/1BNP1N2/PPP2PPP/R1BQK2R b KQkq - 0 8|d2d3|157|e1g1|232|75
r1b1k2r/p4ppp/4pn2/1pb2q2/3N4/1BNP4/PPP2PPP/R1BQR1K1 b kq - 0 11|f3d4|108|c3b5|207|99
rnbqkb1r/ppp2p1p/3p2p1/8/3Pn3/5N2/PPP2PPP/RNBQKB1R w KQkq - 0 6|g7g6|-143|d6d5|-102|41
r1bqkbnr/pp1ppppp/2n5/2p5/2B1P3/5N2/PPPP1PPP/RNBQK2R b KQkq - 3 3|f1c4|-17|f1b5|41|58
r1bqkbnr/pp1p1ppp/2n1p3/2p5/2B1P3/3P1N2/PPP2PPP/RNBQK2R b KQkq - 0 4|d2d3|-85|e1g1|-8|77
r1bqkb1r/pp1p1ppp/2n1pn2/2p3B1/2B1P3/3P1N2/PPP2PPP/RN1QK2R b KQkq - 2 5|c1g5|-96|e1g1|-36|60
r1bq1rk1/pp2bpp1/2n2n1p/2p5/2Pp3B/1B1P4/PP1N1PPP/RN1Q1RK1 b - - 1 11|f3d2|-164|b3a4|-37|127
r1bqkb1r/2pp1ppp/p1p2n2/4p3/2P1P3/3P1N2/PP3PPP/RNBQK2R b KQkq - 0 6|d2d3|3|f3e5|45|42
r1bqk2r/2pp1ppp/p1p2n2/2b1p3/2P1P3/3P1N2/PP3PPP/RNBQ1RK1 b kq - 2 7|e1g1|5|f3e5|150|145
r1bq1rk1/2pp1ppp/pbp2n2/8/2P1P3/2NP1N2/PP3PPP/R1BQ1RK1 b - - 4 10|b1c3|183|e4e5|236|53
rn2kbnr/pp2pppp/2b5/2p5/8/2NP1N2/PPP2PPP/R1BQK2R b KQkq - 0 7|d2d3|847|d2d4|934|87
2kr1bnr/pp1npppp/2b5/2p5/8/2NPBN2/PPP2PPP/R2Q1RK1 b - - 4 9|e1g1|878|d3d4|942|64
2kr1bnr/pp1npppp/2b5/8/2pP4/2N1BN2/PPP2PPP/R2Q1RK1 b - - 0 10|d3d4|950|e3a7|1047|97
2kr1bnr/pp1n1ppp/2b5/4p3/2pP4/1PN1BN2/P1P2PPP/R2Q1RK1 b - - 0 11|b2b3|925|d4d5|1252|327
r1bqk1nr/pppp1ppp/2n5/2b1p3/2B1P3/5N2/PPPP1PPP/RNBQK2R w KQkq - 4 4|f8c5|-110|g8f6|-44|66
r2qk1nr/ppp2ppp/2np4/2b1p3/2B1P1b1/3P1N2/PPP2PPP/RNBQ1RK1 w kq - 1 6|c8g4|-93|g8f6|-51|42
r3k1nr/ppp2ppp/2np1q2/2b1p2b/2B1P3/3P1N1P/PPP2PP1/RNBQR1K1 w kq - 3 8|d8f6|-207|g8f6|-87|120
r3k1nr/ppp2ppp/2np1q2/2b1p1B1/2B1P3/3P1b1P/PPP2PP1/RN1QR1K1 w kq - 0 9|h5f3|-224|f6g6|-114|110
r3k2r/1pp2ppp/p1np1n2/2b1p3/2B1P3/2NP3P/PPP2PP1/R2R2K1 w kq - 0 12|a7a6|420|c6a5|506|86
r1bnkbnr/pp3ppp/4p3/2p5/4P3/2P1BN2/PP3PPP/RN2KB1R b KQkq - 1 7|c1e3|41|b1a3|133|92
r1bnkb1r/pp3ppp/4pn2/2p5/4P3/2P1BN2/PP1N1PPP/R3KB1R b KQkq - 3 8|b1d2|38|b1a3|106|68
r1bnkb1r/p4ppp/1p2pn2/2p5/4P3/2P1BN2/PP1N1PPP/2KR1B1R b kq - 1 9|e1c1|59|f1b5|118|59
r2nkb1r/pb3ppp/1p2pn2/2p3B1/4P3/2P2N2/PP1N1PPP/2KR1B1R b kq - 3 10|e3g5|0|f3e5|82|82
r2Bkb1r/pb3ppp/1p2p3/2p5/4n3/2P2N2/PP1N1PPP/2KR1B1R b kq - 0 11|g5d8|45|f1b5|355|310
3rkb1r/pb3ppp/1p2p3/2p5/4N3/2P2N2/PP3PPP/2KR1B1R b k - 0 12|d2e4|-125|f1b5|4|129
r1bqk1nr/pppp1ppp/2n5/2b1p3/4P3/2P2N2/PP1P1PPP/RNBQKB1R w KQkq - 1 4|f8c5|-133|d7d5|-21|112
Q1bqk2r/nppp1ppp/5n2/1pb1p3/4P3/2P2N2/PP1P1PPP/RNB2RK1 w k - 1 8|c6a7|-382|d7d5|-45|337
rn1qk1nr/ppp2pp1/4b2p/8/1bPP4/5N2/PP1B1PPP/RN1QKB1R b KQkq - 2 7|c1d2|167|b1c3|234|67
rn2k1nr/ppp1qpp1/4b2p/3P4/1bP5/5N2/PP1B1PPP/RN1QKB1R b KQkq - 0 8|d4d5|-28|d2b4|152|180
rn2k1nr/ppp1qpp1/7p/3b4/1bP5/5N2/PP1BBPPP/RN1QK2R b KQkq - 1 9|f1e2|-165|d1e2|2|167
rn1qkb1r/ppp2ppp/4pn2/3pNb2/3P4/4P3/PPP2PPP/RNBQKB1R w KQkq - 0 5|e7e6|-157|c7c6|-6|151
1r1qk2r/1ppn1ppp/p1n1p3/2QpP3/8/4P3/PPP2PPP/RNB1K2R w KQk - 2 12|f6d7|157|c6e5|201|44
r1bqkbnr/2p2pp1/p1np3p/1p1P4/4P3/1B3N2/PP3PPP/RNBQK2R b KQkq - 0 8|d4d5|86|e1g1|175|89
r2qkbnr/2p2pp1/p2p3p/np1P4/4P1b1/1B3N2/PP3PPP/RNBQR1K1 b kq - 4 10|f1e1|79|c1d2|120|41
r2qkb1r/2p2pp1/p2p1n1p/np1PP3/8/1B3Q2/PP3PPP/RNB1R1K1 b kq - 0 12|e4e5|0|b3c2|192|192
r1bqkb1r/pppp1ppp/5n2/8/3QP3/8/PPP2PPP/RNB1KB1R w KQkq - 1 6|g8f6|-189|d7d6|-116|73
r1b1kb1r/ppppqppp/5n2/4P3/3Q4/8/PPP2PPP/RNB1KB1R w KQkq - 1 7|d8e7|-302|c7c5|-182|120
r1b1kb1r/pppp1ppp/5n2/4P1B1/1q1Q4/8/PPP2PPP/RN2KB1R w KQkq - 3 8|e7b4|-113|d7d6|17|130
r1b1k2r/pppp1ppp/8/3nP1B1/1b6/2P5/PP3PPP/RN2KB1R w KQkq - 1 10|f6d5|-441|f6e4|-107|334
r2qk2r/ppp2ppp/2np1n2/2b1p3/4P1b1/2P2NP1/PP1PQPBP/RNB1K2R w KQkq - 1 7|c8g4|-54|a7a5|27|81
r4rk1/pppq1ppp/1bnp1n2/8/2QPP1b1/5NP1/PP3PBP/RNB2RK1 w - - 1 11|c5b6|-7|g4f3|173|180
r4rk1/pppq1ppp/2np1n2/6N1/2QbP1b1/6P1/PP3PBP/RNB2RK1 w - - 0 12|b6d4|211|c6d4|271|60
r2qkb1r/pppb1ppp/2np1n2/1B2P3/4P3/2N2N2/PPP2PPP/R1BQK2R b KQkq - 0 6|d4e5|-20|d4d5|27|47
r2q1rk1/pppbbppp/2n2n2/1B2p1B1/4P3/5N2/PPP1NPPP/R2Q1RK1 b - - 7 10|c3e2|-80|d1d3|61|141
rnbqk1nr/pppp1ppp/8/2b1p3/2B1P3/5N2/PPPP1PPP/RNBQK2R b KQkq - 3 3|f1c4|99|f3e5|161|62
rnbqk2r/pppp1ppp/5n2/2b1p3/2B1P3/5N2/PPPPQPPP/RNB1K2R b KQkq - 5 4|d1e2|-65|f3e5|125|190
rnbq1rk1/pppp1ppp/5n2/2b1p3/2B1P3/2P2N2/PP1PQPPP/RNB1K2R b KQ - 0 5|c2c3|-234|d2d3|-82|152
rnbqr1k1/1ppp1Bpp/p7/2b5/3PQ3/5N2/PP3PPP/RNB1K2R b KQ - 0 9|c4f7|111|f3e5|475|364
rnbqr2k/1ppp2pp/p7/2Q1N3/3P4/8/PP3PPP/RNB1K2R b KQ - 0 12|d5c5|-24|e1g1|289|313
r1bqkb1r/pppp1ppp/2n2n2/4p3/4P3/2P2N2/PP1P1PPP/RNBQKB1R w KQkq - 1 4|g8f6|-72|d7d5|24|96
r1bqk2r/pppp1ppp/2n2n2/2b1p3/4P3/2PP1N2/PP3PPP/RNBQKB1R w KQkq - 1 5|f8c5|-76|d7d5|27|103
r1bqk2r/pppp1ppp/1bn2n2/8/3PP3/5N2/PP3PPP/RNBQKB1R w KQkq - 1 7|c5b6|-82|c5b4|6|88
r1bqk2r/ppppnppp/1b3n2/3P4/4P3/5N2/PP3PPP/RNBQKB1R w KQkq - 1 8|c6e7|-69|f6e4|89|158
r1bqk2r/pp1pnppp/1bp2n2/3P4/4P3/3B1N2/PP3PPP/RNBQK2R w KQkq - 0 9|c7c6|-215|e8g8|-48|167
r1bqk2r/pp1pnppp/5n2/b2P4/8/2NB1N2/PP3PPP/R1BQK2R w KQkq - 1 11|b6a5|-308|d7d6|-78|230
r1bqkb1r/pppp1ppp/2n4n/4p2Q/2B1P3/8/PPPP1PPP/RNB1K1NR w KQkq - 4 4|g8h6|-102|d8e7|-51|51
r1bqk2r/pppp1ppp/2n4n/2b1p2Q/2B1P3/2P5/PP1P1PPP/RNB1K1NR w KQkq - 1 5|f8c5|-354|d7d6|-79|275
r1bqk2r/ppp2ppp/2np3n/2b1p2Q/2B1P3/2PP4/PP3PPP/RNB1K1NR w KQkq - 0 6|d7d6|-471|d8f6|-114|357
r1bq1rk1/ppp2ppp/2np3n/2b1p2Q/2B1P3/2PP3P/PP3PP1/RNB1K1NR w KQ - 1 7|e8g8|-269|d8f6|-96|173
r1bqkbnr/ppp1pppp/2n5/3p4/3P4/4P3/PPP2PPP/RNBQKBNR w KQkq - 1 3|b8c6|-95|e7e6|-39|56
r2qkb1r/ppp1pppp/2n2n2/3p1b2/2PP4/4PN2/PP3PPP/RNBQKB1R w KQkq - 3 5|c8f5|-144|e7e6|-77|67
r1bqkb1r/pppp1ppp/2n2n2/4p3/2B1P3/5N2/PPPPQPPP/RNB1K2R b KQkq - 5 4|d1e2|-43|d2d3|0|43
r1bqkb1r/ppp2ppp/2n5/3np3/2B5/2P2N2/PP1PQPPP/RNB1K2R b KQkq - 0 6|c2c3|-281|f3e5|70|351
r1b1k2r/p1pq2pp/1pnb4/4p1B1/2B5/2P2N2/PP1NQPPP/R4RK1 b kq - 1 12|b1d2|788|c4d5|938|150
rn1qkb1r/ppp2pp1/3p1n1p/4p3/2BPP1b1/2P2N2/PP1N1PPP/R1BQK2R b KQkq - 2 6|b1d2|21|d4e5|160|139
r2qkb1r/ppp2pp1/2np1n1p/4P3/2BP2b1/5N2/PP1N1PPP/R1BQK2R b KQkq - 0 8|e4e5|12|d1b3|131|119
r3kb1r/ppp1qpp1/2n2n1p/4P3/2B3b1/5N2/PP1N1PPP/R1BQ1RK1 b kq - 0 10|d4e5|-62|c4b5|-10|52
r3kb1r/ppp1qpp1/5n1p/4N3/2B3b1/8/PP1N1PPP/R1BQ1RK1 b kq - 0 11|f3e5|-212|f1e1|-41|171
r3kb1r/ppp1qpp1/5n1p/4N3/2B5/8/PP1N1PPP/R1BR2K1 b kq - 0 12|f1d1|-942|c4f7|-186|756
rn1qkbnr/pb1p1ppp/1p2p3/2pP4/4P3/2N2N2/PPP2PPP/R1BQKB1R b KQkq - 0 5|d4d5|112|c1g5|173|61
rn1qkbnr/pb1p1ppp/1p6/2pP4/8/2N2N2/PPP2PPP/R1BQKB1R b KQkq - 0 6|e4d5|142|e4d5|186|44
rn2kb1r/pb1pqppp/1p3n2/2pP2B1/8/2N2N2/PPP1BPPP/R2QK2R b KQkq - 4 8|c1g5|288|e1g1|559|271
rn2kb1r/pb1pqpp1/1p3B1p/2pP4/8/2N2N2/PPP1BPPP/R2QK2R b KQkq - 0 9|g5f6|149|g5f4|313|164
rn2k2r/pb1p1pp1/1p1b1q1p/1BpP4/8/2N2N2/PPP2PPP/R2Q1RK1 b kq - 3 11|e1g1|115|e1g1|166|51
rnbqkbnr/pppp1ppp/8/4p3/3PP3/8/PPP2PPP/RNBQKBNR b KQkq - 0 2|d2d4|-25|g1f3|27|52
r1bqkbnr/pppp1ppp/2n5/1B6/4P3/2N5/PP3PPP/R1BQK1NR b KQkq - 2 5|f1b5|-111|f1c4|-60|51
r1bqkb1r/pppp1ppp/2B2n2/8/4P3/2N5/PP3PPP/R1BQK1NR b KQkq - 0 6|b5c6|-115|g1f3|-58|57
r1bqkbnr/p1pp2pp/2p2P2/8/8/2N2N2/PP3PPP/R1BQK2R b KQkq - 0 9|e5f6|-54|e1g1|227|281
r1b1kb1r/p1pp2p1/2p2q1p/8/4N3/5N2/PP3PPP/R2QK2R b KQkq - 1 12|c3e4|-273|e1g1|0|273
rnbqkbnr/pppp1ppp/8/4p3/3PP3/8/PPP2PPP/RNBQKBNR b KQkq - 0 2|d2d4|-12|g1f3|39|51
rnbqkb1r/pppp1ppp/5n2/8/2B1P3/2N5/PP3PPP/R1BQK1NR b KQkq - 2 5|f1c4|-71|e4e5|164|235
rnbqk2r/pppp1ppp/5n2/8/1bB1P3/2N2N2/PP3PPP/R1BQK2R b KQkq - 4 6|g1f3|-108|e4e5|76|184
rnbqk2r/pppp1ppp/8/8/1bB1n3/2N2N2/PP2QPPP/R1B1K2R b KQkq - 1 7|d1e2|-200|d1d4|-87|113
rnbqk2r/ppp2ppp/8/1B1p4/4n3/2P2N2/P3QPPP/R1B1K2R b KQkq - 1 9|c4b5|-239|c1a3|-120|119
rnbq1rk1/pp3ppp/2p5/3p4/4B3/2P2N2/P3QPPP/R1B1K2R b KQ - 0 11|d3e4|-270|e1g1|-212|58
r1bqkbnr/pppp1ppp/8/8/3nP3/8/PPP2PPP/RNBQKB1R w KQkq - 0 5|c6d4|-111|f8c5|-56|55
r1bqkb1r/pp1p2pp/1n3p2/2p1P3/5Q2/8/PPP2PPP/RNB1KB1R w KQkq - 0 10|f7f6|-128|d7d5|-36|92
r1bqkb1r/pp1p3p/1n3p2/2p5/5Q2/8/PPP2PPP/RNB1KB1R w KQkq - 0 11|g7f6|-212|d8f6|-107|105
r1bqk1nr/pppp1ppp/2n5/2b1p3/4P3/2N2N2/PPPP1PPP/R1BQKB1R w KQkq - 4 4|f8c5|-120|g8f6|-64|56
r1bqk2r/ppp2ppp/2np1n2/2b1p1B1/4P3/2NP1N2/PPP2PPP/R2QKB1R w KQkq - 0 6|d7d6|-104|e8g8|22|126
r1bq1rk1/ppp2ppp/2np1n2/2b1p1B1/4P3/2NP1NP1/PPP2P1P/R2QKB1R w KQ - 1 7|e8g8|-133|c8g4|-1|132
r2q1rk1/ppp2ppp/2np1n2/2b1p1B1/4P1b1/2NP1NP1/PPP2PBP/R2QK2R w KQ - 3 8|c8g4|-115|c5b4|-22|93
r4rk1/pppq1ppp/2np1n2/2b1p1B1/4P1b1/2NP1NP1/PPP2PBP/R2Q1RK1 w - - 5 9|d8d7|-173|h7h6|-36|137
r4rk1/pppqBpp1/2np1n1p/2bNp3/4P1b1/3P1NP1/PPPQ1PBP/R4RK1 w - - 2 12|e8f6|-514|c6e7|451|965
r1bqk1nr/pppp2pp/2n2p2/2b1P3/3p4/3B1N2/PPP2PPP/RNBQK2R w KQkq - 0 6|f7f6|-135|d7d6|23|158
r1bqk1nr/pppp2pp/2n5/2b1p3/3p3N/3B4/PPP2PPP/RNBQK2R w KQkq - 0 7|f6e5|62|c6e5|234|172
r1bqk1nr/pppp3p/2n3p1/2b1p2Q/3p3N/3B4/PPP2PPP/RNB1K2R w KQkq - 0 8|g7g6|-292|e8f8|62|354
r1bqk1nr/pppp4/2n3p1/2b1p2Q/3p4/3B4/PPP2PPP/RNB1K2R w KQkq - 0 9|h7g6|-645|g8f6|-68|577
r1bq1knr/pppp4/2n3B1/2b1p2Q/3p4/8/PPP2PPP/RNB1K2R w KQ - 1 10|e8f8|-1077|e8e7|-565|512
r1bq1knQ/ppppn3/6B1/2b1p3/3p4/8/PPP2PPP/RNB1K2R w KQ - 1 11|c6e7|-1499|d8f6|-1146|353
r1bqkb1r/pppp1ppp/2n2n2/4N3/4P3/2N5/PPPP1PPP/R1BQKB1R b KQkq - 2 4|b1c3|-123|e5c6|150|273
r1bqkb1r/pppp1ppp/5nn1/6B1/3PP3/2N5/PPP2PPP/R2QKB1R b KQkq - 2 6|c1g5|-292|e4e5|-167|125
r1bqk2r/pppp1ppp/5Bn1/2b5/3PP3/2N5/PPP2PPP/R2QKB1R b KQkq - 0 7|g5f6|124|d4c5|189|65
r1b1k2r/pppp1ppp/5qn1/2b1P3/3P4/2N5/PPP2PPP/R2QKB1R b KQkq - 0 8|e4e5|-149|d4c5|135|284
r1b1k2r/pppp1ppp/5q2/2b1P3/8/2N5/PPP2PPP/R2QKB1R b KQkq - 0 9|d4e5|-1499|d4c5|-87|1412
r1b1k2r/ppp2ppp/3Pq3/2b5/8/2N5/PPP1QPPP/R3KB1R b KQkq - 0 11|e5d6|-94|c3b5|0|94
r1b1k2r/pppp1ppp/5n2/2b3Q1/2P1q3/8/PPP2PPP/RNB1K2R w KQkq - 0 9|e7e4|550|c5f2|757|207
r1b1k2r/ppppqppp/5n2/6Q1/2P5/4P3/PPP3PP/RN2K2R w KQkq - 1 11|e4e7|530|e4c2|688|158
r1b1k2r/pppp1pQp/5n2/8/2P5/4q3/PPP3PP/RN2K2R w KQkq - 0 12|e7e3|567|h8g8|1043|476
r1bqkb1r/2pp1ppp/p1n2n2/1p2p3/4P3/1B3N2/PPPPQPPP/RNB1K2R b KQkq - 3 6|d1e2|-48|d2d4|7|55
r1bqkb1r/2p2ppp/p1n5/1p1Bp3/8/5N2/PPPPQPPP/RNB1K2R b KQkq - 0 8|b3d5|-129|f3e5|116|245
r1b1kb1r/2p2ppp/p1n1q3/1p2p3/3P4/2N2N2/PPP1QPPP/R1B1K2R b KQkq - 0 10|d2d4|-231|e1g1|-102|129
r1b1k2r/2p2ppp/p1nbq3/1p2p3/3P4/2N2N2/PPP1QPPP/R1B2RK1 b kq - 2 11|e1g1|-198|d4d5|320|518
r1b2rk1/2p2ppp/p1nbq3/1p2p3/3P4/2N2N2/PPP1QPPP/R1B1R1K1 b - - 4 12|f1e1|-161|d4d5|249|410
r1b1kbnr/ppppqppp/2n5/4p3/2B1P3/5Q2/PPPP1PPP/RNB1K1NR w KQkq - 4 4|d8e7|-81|g8f6|-17|64
r1b1kbnr/ppp1qppp/3p4/4p3/2BnP3/5Q2/PPPPNPPP/RNB2RK1 w kq - 2 6|c6d4|-196|g8f6|-68|128
r1b1kbnr/ppp1qppp/3p4/8/2BpP3/5Q2/PPPP1PPP/RNB2RK1 w kq - 0 7|e5d4|-214|e5d4|-172|42
r1b1kbnr/pp2q1pp/2p2p2/1B2p3/3p4/5Q2/PPPP1PPP/RNB1R1K1 w kq - 0 10|c7c6|-175|e8d8|-100|75
rnbqkbnr/pppp1ppp/8/4p3/3PP3/8/PPP2PPP/RNBQKBNR b KQkq - 0 2|d2d4|-16|g1f3|46|62
r1bqk1nr/pppp1ppp/2n5/2b5/4P3/8/PPP2PPP/RNBQKBNR w KQkq - 3 5|f8c5|10|g8f6|55|45
r1b1k1nr/pppp1ppp/2n2q2/2b5/2B1P3/8/PPP2PPP/RNBQK1NR w KQkq - 5 6|d8f6|-47|d8h4|88|135
r1b1k2r/pppp1ppp/2n2n2/3B4/8/4q1P1/PPP1N2P/RN1QK2R w KQkq - 2 11|g8f6|263|g8f6|305|42
r1b2rk1/pppp1ppp/2n2n2/8/8/4q1P1/PPP1N1BP/RN1QK2R w KQ - 4 12|e8g8|348|f6g4|425|77
rn1qkbnr/ppp2ppp/3pb3/4p3/2B1P3/5N2/PPPPQPPP/RNB1K2R b KQkq - 3 4|d1e2|13|c4e6|109|96
rn1qkb1r/ppp2ppp/3pbn2/4p3/2B1P3/2N2N2/PPPPQPPP/R1B1K2R b KQkq - 5 5|b1c3|22|c4e6|88|66
r3kb1r/pp3ppp/2p1q3/3p4/3pP3/3P1P2/PPP1Q1PP/R1B2RK1 b kq - 0 12|f2f3|-25|c1f4|33|58
rnbqkb1r/pp3ppp/3ppn2/2p5/2B1P3/2NP1N2/PPP2PPP/R1BQK2R b KQkq - 0 5|d2d3|-50|d2d4|0|50
rnbq1rk1/pp2bppp/3ppn2/2p5/2B1P3/2NPBN2/PPP2PPP/R2Q1RK1 b - - 4 7|e1g1|-296|c4b3|-100|196
r1b2rk1/ppq1bppp/2nppn2/2p5/2B1P3/2NPBN2/PPP1QPPP/3R1RK1 b - - 8 9|a1d1|-100|d3d4|-40|60
r1b2rk1/1pq1bppp/p1nppn2/2p5/2B1P3/P1NPBN2/1PP1QPPP/3R1RK1 b - - 0 10|a2a3|-125|a2a4|-76|49
r2qkb1r/ppp2ppp/2np1nb1/4p1N1/2B1P1P1/2NP3P/PPP2P2/R1BQK2R b KQkq - 2 8|f3g5|-129|a2a4|51|180
r2qkb1r/ppp2ppp/2n2nb1/3Bp1N1/4P1P1/2NP3P/PPP2P2/R1BQK2R b KQkq - 0 9|c4d5|6|e4d5|123|117
r1bqkbnr/ppp1pppp/2n5/3p4/3P4/5N2/PPP1PPPP/RNBQKB1R w KQkq - 1 3|b8c6|-98|c8f5|-50|48
r2qkb1r/ppp2ppp/2n2n2/3pp3/3P2b1/4PN2/PPP1BPPP/RNBQ1RK1 w kq - 0 6|e7e5|-224|e7e6|-63|161
r1b1kbnr/ppp1p1pp/2n5/5p2/4B3/8/PPP2PPP/RNB1K1NR w KQkq - 0 7|f7f5|14|e7e5|119|105
r1b1kb1r/p1p1p1pp/2p2n2/5p2/8/2N5/PPP2PPP/R1B1K1NR w KQkq - 2 9|g8f6|-14|e7e5|135|149
r3kb1r/pbp1p1pp/2p2n2/5p2/8/2N2N2/PPP2PPP/R1B1K2R w KQkq - 4 10|c8b7|-58|e7e6|43|101
2kr1b1r/pbp1p1pp/2p2n2/4Np2/8/2N5/PPP2PPP/R1B1K2R w KQ - 6 11|e8c8|-191|e7e6|60|251
2kr1b1r/pbp1pNpp/5n2/2p2p2/8/2N5/PPP2PPP/R1B1K2R w KQ - 0 12|c6c5|-474|h8g8|-190|284
r1bqkbnr/pp1ppppp/2n5/2p5/2B1P3/5N2/PPPP1PPP/RNBQK2R b KQkq - 3 3|f1c4|-60|b1c3|32|92
r1bqkb1r/pp1p1ppp/2n2n2/2p1p3/2B1P3/2NP1N2/PPP2PPP/R1BQK2R b KQkq - 0 5|d2d3|44|f3g5|113|69
r1bqkb1r/pp3ppp/2np1n2/2p1p3/2B1P3/2NPBN2/PPP2PPP/R2QK2R b KQkq - 1 6|c1e3|19|f3g5|232|213
r1bqk2r/pp2bppp/2np1n2/2p1p1N1/2B1P3/2NPB3/PPP2PPP/R2QK2R b KQkq - 3 7|f3g5|-57|e1g1|15|72
rnbqkb1r/pppp1ppp/5n2/4p3/6PP/3P4/PPP2P2/RNBQKBNR w KQkq - 1 5|e4f6|94|e4c5|174|80
rnbqkb1r/pppp1ppp/8/3np1P1/7P/3P4/PPP2P2/RNBQKBNR w KQkq - 1 6|f6d5|52|f6d5|103|51
rnbqk2r/pppp1ppp/8/2bnp1PQ/7P/3P4/PPP2P2/RNB1KBNR w KQkq - 3 7|f8c5|127|b8c6|253|126
rnb2rk1/pppp2pp/5qp1/2bnp3/7P/2PP4/PP3P2/RNBQKBNR w KQ - 2 10|d8f6|569|c5f2|903|334
rnb1kbnr/pppp1ppp/5q2/4p3/2B1P3/5N2/PPPP1PPP/RNBQK2R b KQkq - 3 3|f1c4|93|b1c3|150|57
rnb1kbnr/1ppp1ppp/p4q2/4p3/2B1P3/2P2N2/PP1P1PPP/RNBQK2R b KQkq - 0 4|c2c3|90|d2d4|157|67
rn2kbnr/1bpp1ppp/p4q2/1p2p3/4P3/1BP2N2/PP1PQPPP/RNB1K2R b KQkq - 3 6|d1e2|116|d2d4|213|97
rn2kbnr/1b1p1pp1/p4q1p/1p2P3/2p1P3/2P2N2/PPB1QPPP/RNB1K2R b KQkq - 0 9|d4e5|226|f3e5|328|102
rn2kbnr/1b1p1pp1/p3q2p/1p2P3/2p1P2N/2P5/PPB1QPPP/RNB2RK1 b kq - 4 11|e1g1|226|f2f4|345|119
r1bq1rk1/pppp1ppp/2n2n2/2b1p3/4P3/1B1P1Q2/PPP2PPP/RNB1K1NR w KQ - 3 6|b8c6|12|d7d5|62|50
r1bq1rk1/ppp2ppp/2np1n2/2b1p3/4P3/1BPP1Q2/PP3PPP/RNB1K1NR w KQ - 0 7|d7d6|6|a7a5|72|66
r1bqr1k1/ppp2ppp/2np1n2/2b1p3/4P3/1BPP1Q1P/PP3PP1/RNB1K1NR w KQ - 1 8|f8e8|-38|h7h6|39|77
r2qr1k1/ppp2p1p/2n1bnpB/2bpp3/4P3/2PP2QP/PP3PP1/RN1BK1NR w KQ - 0 11|g7g6|19|c5f8|60|41
r2qr1k1/ppp1bp1p/2n1bnp1/3pp1B1/4P3/2PP2QP/PP3PP1/RN1BK1NR w KQ - 2 12|c5e7|46|d5e4|110|64
r1bqk2r/ppppppbp/2n2np1/8/2BPP3/2N2N2/PPP2PPP/R1BQK2R b KQkq - 4 5|b1c3|-52|e4e5|187|239
r1bqk2r/pppp1pbp/2n1pnp1/6B1/2BPP3/2N2N2/PPP2PPP/R2QK2R b KQkq - 1 6|c1g5|7|e4e5|149|142
r1bq1rk1/pppp1pbp/2n1pnp1/3P2B1/2B1P3/2N2N2/PPP2PPP/R2QK2R b KQ - 0 7|d4d5|4|e4e5|386|382
r1bq1rk1/pppp1pbp/4pnp1/nB1P2B1/4P3/2N2N2/PPP2PPP/R2QK2R b KQ - 2 8|c4b5|-56|c4e2|19|75
rn1qkb1r/ppp1pppp/5n2/3p1b2/2PP4/2N5/PP2PPPP/R1BQKBNR w KQkq - 3 4|c8f5|-108|d5c4|-52|56
r2qkb1r/pp3ppp/2n1pn2/2p5/2PPp3/2NQ1N2/PP3PPP/R1B1K2R w KQkq - 0 9|d5e4|107|c6b4|252|145
r2qkb1r/pp4pp/2n1pp2/2p3B1/2PPn3/3Q1N2/PP3PPP/R3K2R w KQkq - 0 11|f7f6|277|e4g5|1033|756
r2qkb1r/pp4pp/2n1pp2/6B1/2PpQ3/5N2/PP3PPP/R3K2R w KQkq - 0 12|c5d4|83|f6g5|288|205
r1bqkbnr/pppp1ppp/2n5/4p3/2B1P3/5N2/PPPP1PPP/RNBQK2R b KQkq - 3 3|f1c4|-1|f1b5|45|46
r1bqk2r/pppp1ppp/2n2n2/2b1p3/2B1P3/2P2N2/PP1PQPPP/RNB1K2R b KQkq - 2 5|d1e2|-44|d2d4|19|63
r1bqk2r/ppp2ppp/2np1n2/2b1p3/2BPP3/2P2N2/PP2QPPP/RNB1K2R b KQkq - 0 6|d2d4|-152|b2b4|-66|86
r1bqk2r/ppp2ppp/1bn2n2/4p1N1/2B1P3/2P5/PP2QPPP/RNB1K2R b KQkq - 1 8|f3g5|-61|e1g1|39|100
r1bq1rk1/ppp2ppp/1bn2n2/4p1N1/2B1P3/2P2Q2/PP3PPP/RNB1K2R b KQ - 3 9|e2f3|-301|g5f3|-34|267
r2q1rk1/ppp2ppp/1bn2n2/4p1N1/2B1P1b1/2P3Q1/PP3PPP/RNB1K2R b KQ - 5 10|f3g3|-1499|f3d3|-231|1268
r2q1rk1/ppp2ppp/1bn2n2/4p1Nb/2B1PP2/2P3Q1/PP4PP/RNB1K2R b KQ - 0 11|f2f4|-1499|b1d2|-98|1401
r2q1rk1/ppp2ppp/1bn2nb1/4p1N1/2B1PP2/2P4Q/PP4PP/RNB1K2R b KQ - 2 12|g3h3|-666|f4f5|-331|335
